,movie_category,movie_name,movie_rating,movie_release_year,movie_url
0,Documentary,Jaws vs. the Meg,6.2,2023,https://yts.mx/movies/jaws-vs-the-meg-2023
1,Documentary,Hunters Lodge,4.9,2016,https://yts.mx/movies/hunters-lodge-2016
2,Documentary, Home Sweet Loan,8.3,2024,https://yts.mx/movies/home-sweet-loan-2024
3,Documentary,Showrunners: The Art of Running a TV Show,6.7,2014,https://yts.mx/movies/showrunners-the-art-of-running-a-tv-show-2014
4,Documentary,Den of Thieves 2: Pantera,6.5,2025,https://yts.mx/movies/den-of-thieves-2-pantera-2025
5,Documentary, Unveiling: The Horse Demon,6.2,2019,https://yts.mx/movies/unveiling-the-horse-demon-2019
6,Documentary,Wicked,7.7,2024,https://yts.mx/movies/wicked-2024
7,Documentary,Jurica Road,4.9,2020,https://yts.mx/movies/jurica-road-2020
8,Documentary, Richelieu,7.3,2023,https://yts.mx/movies/richelieu-2023
9,Documentary,Bone Cold,4.6,2022,https://yts.mx/movies/bone-cold-2022
10,Documentary, Feed,4.8,2022,https://yts.mx/movies/feed-2022
11,Documentary,Moana 2,7.0,2024,https://yts.mx/movies/moana-2-2024
12,Documentary,Shuttlecock,5.8,2019,https://yts.mx/movies/shuttlecock-2019
13,Documentary,Kill Bill: Vol. 1,8.2,2003,https://yts.mx/movies/kill-bill-vol-1-2003
14,Documentary,California,6.1,1947,https://yts.mx/movies/california-1947
15,Documentary, Un mundo maravilloso,6.9,2006,https://yts.mx/movies/un-mundo-maravilloso-2006
16,Documentary,Emmanuelle,4.5,2024,https://yts.mx/movies/emmanuelle-2024
17,Documentary,The Outsider,6.8,1948,https://yts.mx/movies/the-outsider-1948
18,Documentary,Paddington 2,7.8,2017,https://yts.mx/movies/paddington-2-2017
19,Documentary,Cries from Syria,8.3,2017,https://yts.mx/movies/cries-from-syria-2017
20,Comedy,Dawn Chorus,5.8,2022,https://yts.mx/movies/dawn-chorus-2022
21,Comedy,Sanctum,5.9,2011,https://yts.mx/movies/sanctum-2011
22,Comedy,Sniper: The Last Stand,4.4,2025,https://yts.mx/movies/sniper-the-last-stand-2025
23,Comedy,Dark Night of the Soul,6.8,2024,https://yts.mx/movies/dark-night-of-the-soul-2024
25,Comedy,Shadow of the Eagle,6.2,1950,https://yts.mx/movies/shadow-of-the-eagle-1950
26,Comedy,The Invisible Raptor,5.6,2023,https://yts.mx/movies/the-invisible-raptor-2023
27,Comedy,Time Is My Enemy,6.3,1954,https://yts.mx/movies/time-is-my-enemy-1954
28,Comedy,Into the Deep,3.3,2025,https://yts.mx/movies/into-the-deep-2025
29,Comedy,Ladies & Gentlemen... 50 Years of SNL Music,8.8,2025,https://yts.mx/movies/ladies-gentlemen-50-years-of-snl-music-2025
30,Comedy,Jim Gaffigan: King Baby,7.7,2009,https://yts.mx/movies/jim-gaffigan-king-baby-2009
32,Comedy, Operation White Christmas,6.8,2023,https://yts.mx/movies/operation-white-christmas-2023
33,Comedy,Monster on a Plane,3.4,2024,https://yts.mx/movies/monster-on-a-plane-2024
34,Comedy,Sinatra Club,4.7,2010,https://yts.mx/movies/sinatra-club-2010
35,Comedy,The Sacrifice Game,5.5,2023,https://yts.mx/movies/the-sacrifice-game-2023
37,Comedy,The Fire Inside,7.0,2024,https://yts.mx/movies/the-fire-inside-2024
38,Comedy,Whiteout,4.5,2023,https://yts.mx/movies/whiteout-2023
39,Comedy,Grafted,5.8,2024,https://yts.mx/movies/grafted-2024
40,Action,Polar,6.3,2019,https://yts.mx/movies/polar-2019
41,Action, Charleston,5.5,1977,https://yts.mx/movies/charleston-1977
42,Action, Grande Sertão,5.6,2023,https://yts.mx/movies/grande-sertao-2023
43,Action,Axed,3.9,2012,https://yts.mx/movies/axed-2012
44,Action,Jacknife,6.4,1989,https://yts.mx/movies/jacknife-1989
45,Action,The Great Alone,7.4,2015,https://yts.mx/movies/the-great-alone-2015
46,Action,Star Trek: Section 31,4.0,2025,https://yts.mx/movies/star-trek-section-31-2025
47,Action,Mummy Shark,3.0,2024,https://yts.mx/movies/mummy-shark-2024
48,Action,My Last Five Girlfriends,5.7,2009,https://yts.mx/movies/my-last-five-girlfriends-2009
49,Action,Weekend in Taipei,5.7,2024,https://yts.mx/movies/weekend-in-taipei-2024
50,Action,Non-Transferable,5.5,2017,https://yts.mx/movies/non-transferable-2017
51,Action,The Last Emperor,5.2,1986,https://yts.mx/movies/the-last-emperor-1986
52,Action,Ladies of Leisure,6.7,1930,https://yts.mx/movies/ladies-of-leisure-1930
53,Action,Juror #2,7.0,2024,https://yts.mx/movies/juror-2-2024
54,Action, Hantu Gunung Kawi,6.1,2017,https://yts.mx/movies/hantu-gunung-kawi-2017
55,Action, Barroz: Guardian of Treasures,3.9,2024,https://yts.mx/movies/barroz-guardian-of-treasures-2024
56,Action, Hantu Jeruk Purut Reborn,4.4,2017,https://yts.mx/movies/hantu-jeruk-purut-reborn-2017
57,Action,A Man Called Gannon,5.3,1968,https://yts.mx/movies/a-man-called-gannon-1968
58,Action,Brigham City,6.7,2001,https://yts.mx/movies/brigham-city-2001
59,Action,The Killing Jar,5.8,2010,https://yts.mx/movies/the-killing-jar-2010
60,Action,Get Fast,3.6,2024,https://yts.mx/movies/get-fast-2024
61,Action, Formed Police Unit,4.8,2024,https://yts.mx/movies/formed-police-unit-2024
62,Action,Demon Protocol,4.8,2018,https://yts.mx/movies/demon-protocol-2018
64,Action, II,6.2,2019,https://yts.mx/movies/ii-2019
65,Action,Agent Recon,2.4,2024,https://yts.mx/movies/agent-recon-2024
66,Action,The Perfect Setting,7.3,2025,https://yts.mx/movies/the-perfect-setting-2025
67,Action,A Unicorn for Christmas,5.0,2021,https://yts.mx/movies/a-unicorn-for-christmas-2021
68,Action,A Year and Change,6.2,2015,https://yts.mx/movies/a-year-and-change-2015
69,Action,Bystanders,5.2,2024,https://yts.mx/movies/bystanders-2024
70,Action,Household Saints,6.9,1993,https://yts.mx/movies/household-saints-1993
71,Action, Ryuichi Sakamoto: Opus,8.1,2023,https://yts.mx/movies/ryuichi-sakamoto-opus-2023
72,Action, Blossoms Under Somewhere,7.4,2024,https://yts.mx/movies/blossoms-under-somewhere-2024
73,Action,Zombie Strain,5.4,2023,https://yts.mx/movies/zombie-strain-2023
74,Action, Three Kilometres to the End of the World,7.1,2024,https://yts.mx/movies/three-kilometres-to-the-end-of-the-world-2024
75,Action,Rumours,5.1,2024,https://yts.mx/movies/rumours-2024
76,Action,Murder by Decree,6.8,1979,https://yts.mx/movies/murder-by-decree-1979
77,Action, Upon Open Sky,6.2,2023,https://yts.mx/movies/upon-open-sky-2023
78,Action,A Sprinkle of Christmas,6.4,2024,https://yts.mx/movies/a-sprinkle-of-christmas-2024
79,Action, Just Friends,7.2,2018,https://yts.mx/movies/just-friends-2018
80,Drama,Garden Party,5.5,2008,https://yts.mx/movies/garden-party-2008
81,Drama,Plastic People,8.0,2024,https://yts.mx/movies/plastic-people-2024
82,Drama, Silvio,2.9,2024,https://yts.mx/movies/silvio-2024
83,Drama,Twisted,5.3,2004,https://yts.mx/movies/twisted-2004
84,Drama,Adele and Everything After,8.7,2017,https://yts.mx/movies/adele-and-everything-after-2017
85,Drama,A Stone Cold Christmas,5.7,2018,https://yts.mx/movies/a-stone-cold-christmas-2018
86,Drama,Across the River and Into the Trees,6.7,2022,https://yts.mx/movies/across-the-river-and-into-the-trees-2022
88,Drama,Spenser Confidential,6.2,2020,https://yts.mx/movies/spenser-confidential-2020
89,Drama,Sound of Freedom,7.6,2023,https://yts.mx/movies/sound-of-freedom-2023
90,Drama,Single Man Problems: Volume One,6.2,2023,https://yts.mx/movies/single-man-problems-volume-one-2023
91,Drama,Lava,5.3,2001,https://yts.mx/movies/lava-2001
93,Drama,End Survival,3.5,2019,https://yts.mx/movies/end-survival-2019
94,Drama,Avengers of Justice: Farce Wars,2.4,2018,https://yts.mx/movies/avengers-of-justice-farce-wars-2018
95,Drama,Odd Squad: World Turned Odd,7.1,2018,https://yts.mx/movies/odd-squad-world-turned-odd-2018
96,Drama, Salsa,6.2,2024,https://yts.mx/movies/salsa-2024
97,Drama, L'heureuse élue,6.2,2024,https://yts.mx/movies/lheureuse-elue-2024
98,Drama,The Younger Generation,6.4,1929,https://yts.mx/movies/the-younger-generation-1929
99,Drama,Sonic the Hedgehog 3,7.2,2024,https://yts.mx/movies/sonic-the-hedgehog-3-2024
100,Action,"Love, Simon",7.5,2018,https://yts.mx/movies/love-simon-2018
101,Action, 100KG Vampire,5.3,2023,https://yts.mx/movies/100kg-vampire-2023
102,Action,Richard Jewell,7.5,2019,https://yts.mx/movies/richard-jewell-2019
103,Action,Attrition,3.8,2018,https://yts.mx/movies/attrition-2018
104,Action,"Oh, Canada",5.8,2024,https://yts.mx/movies/oh-canada-2024
105,Action,A Night Full of Rain,6.0,1978,https://yts.mx/movies/a-night-full-of-rain-1978
106,Action,The Intruder,5.0,2024,https://yts.mx/movies/the-intruder-2024
107,Action, Rifle Club,7.1,2024,https://yts.mx/movies/rifle-club-2024
108,Action,The Exploding Boy,7.1,2023,https://yts.mx/movies/the-exploding-boy-2023
109,Action, The Sand Castle,6.5,2024,https://yts.mx/movies/the-sand-castle-2024
110,Action,A Vineyard Christmas,5.3,2023,https://yts.mx/movies/a-vineyard-christmas-2023
111,Action,Ghost of New Orleans,5.0,2011,https://yts.mx/movies/ghost-of-new-orleans-2011
112,Action,"Jo Jo Dancer, Your Life Is Calling",6.3,1986,https://yts.mx/movies/jo-jo-dancer-your-life-is-calling-1986
113,Action, The Girl with the Needle,7.5,2024,https://yts.mx/movies/the-girl-with-the-needle-2024
114,Action,Reindeer Games,5.8,2000,https://yts.mx/movies/reindeer-games-2000
115,Action, Laaga Chunari Mein Daag: Journey of a Woman,5.4,2007,https://yts.mx/movies/laaga-chunari-mein-daag-journey-of-a-woman-2007
116,Action,Honor Student,7.0,2023,https://yts.mx/movies/honor-student-2023
117,Action,A True Christmas,5.5,2022,https://yts.mx/movies/a-true-christmas-2022
118,Action,Apocalypse Rising,4.1,2018,https://yts.mx/movies/apocalypse-rising-2018
119,Action,Money Monster,6.5,2016,https://yts.mx/movies/money-monster-2016
120,Action,Money Monster,6.5,2016,https://yts.mx/movies/money-monster-2016
122,Action, The Vanishing Soldier,6.3,2023,https://yts.mx/movies/the-vanishing-soldier-2023
123,Action,"Angel, Angel, Down We Go",4.3,1969,https://yts.mx/movies/angel-angel-down-we-go-1969
124,Action,Another Soul,2.2,2018,https://yts.mx/movies/another-soul-2018
125,Action,Appointment with Crime,6.2,1946,https://yts.mx/movies/appointment-with-crime-1946
126,Action,My Divorce Party,3.5,2024,https://yts.mx/movies/my-divorce-party-2024
127,Action, Digger,7.4,2020,https://yts.mx/movies/digger-2020
128,Action,Kill Bill: Vol. 2,8.0,2004,https://yts.mx/movies/kill-bill-vol-2-2004
129,Action,The Cell,6.4,2000,https://yts.mx/movies/the-cell-2000
130,Action, 26 Years,6.3,2012,https://yts.mx/movies/26-years-2012
131,Action,Werewolves,4.4,2024,https://yts.mx/movies/werewolves-2024
132,Action, Hanzo the Razor: Sword of Justice,6.6,1972,https://yts.mx/movies/hanzo-the-razor-sword-of-justice-1972
133,Action,Big Trouble,5.2,1986,https://yts.mx/movies/big-trouble-1986
134,Action, Empty Nets,6.7,2023,https://yts.mx/movies/empty-nets-2023
135,Action, La traque,7.2,1975,https://yts.mx/movies/la-traque-1975
136,Action,Leningrad Cowboys Meet Moses,5.6,1994,https://yts.mx/movies/leningrad-cowboys-meet-moses-1994
137,Action, Au revoir Taipei,6.5,2010,https://yts.mx/movies/au-revoir-taipei-2010
138,Action,Christmas Catch,5.4,2018,https://yts.mx/movies/christmas-catch-2018
139,Action, Hanzo the Razor: The Snare,7.0,1973,https://yts.mx/movies/hanzo-the-razor-the-snare-1973
140,Drama, Dagger Eyes,5.6,1983,https://yts.mx/movies/dagger-eyes-1983
141,Drama,Predator World,2.1,2017,https://yts.mx/movies/predator-world-2017
142,Drama, Death of a Shadow,7.2,2012,https://yts.mx/movies/death-of-a-shadow-2012
143,Drama, Reunion,5.1,2015,https://yts.mx/movies/reunion-2015
144,Drama, Heavier Trip,6.0,2024,https://yts.mx/movies/heavier-trip-2024
145,Drama, The Faithful Heart,7.4,1923,https://yts.mx/movies/the-faithful-heart-1923
146,Drama,The Short Films of David Lynch,7.3,2002,https://yts.mx/movies/the-short-films-of-david-lynch-2002
147,Drama,Villains Inc,5.7,2023,https://yts.mx/movies/villains-inc-2023
148,Drama, Ve'Lakhta Lehe Isha,7.1,2004,https://yts.mx/movies/velakhta-lehe-isha-2004
149,Drama,Savageland,6.0,2015,https://yts.mx/movies/savageland-2015
150,Drama,All I Need,4.1,2016,https://yts.mx/movies/all-i-need-2016
151,Drama,To Dye For: The Documentary,9.6,2024,https://yts.mx/movies/to-dye-for-the-documentary-2024
152,Drama,Standing on the Shoulders of Kitties,7.3,2024,https://yts.mx/movies/standing-on-the-shoulders-of-kitties-2024
153,Drama,Bad Hombres,5.3,2023,https://yts.mx/movies/bad-hombres-2023
154,Drama,Forever Home,7.3,2023,https://yts.mx/movies/forever-home-2023
155,Drama,Elevation,5.6,2024,https://yts.mx/movies/elevation-2024
156,Drama,Amazing Grace,5.7,1974,https://yts.mx/movies/amazing-grace-1974
157,Drama,Tacoma,7.6,2024,https://yts.mx/movies/tacoma-2024
158,Drama,Stream of Love,8.0,2013,https://yts.mx/movies/stream-of-love-2013
159,Drama,Sunray: Fallen Soldier,4.5,2024,https://yts.mx/movies/sunray-fallen-soldier-2024
160,Drama, L'arche de Noé,5.9,2023,https://yts.mx/movies/larche-de-noe-2023
161,Drama,A Neighbor's Deception,5.2,2017,https://yts.mx/movies/a-neighbors-deception-2017
162,Drama,"Husband, Father, Killer: The Alyssa Pladl Story",6.8,2024,https://yts.mx/movies/husband-father-killer-the-alyssa-pladl-story-2024
163,Drama,Clear Cut,4.1,2024,https://yts.mx/movies/clear-cut-2024
165,Drama, Undercover Party Crasher,4.6,2025,https://yts.mx/movies/undercover-party-crasher-2025
166,Drama,My Argentine Heart,6.1,2025,https://yts.mx/movies/my-argentine-heart-2025
167,Drama,Harvard Man,4.8,2001,https://yts.mx/movies/harvard-man-2001
168,Drama,Back in Action,6.0,2025,https://yts.mx/movies/back-in-action-2025
169,Drama,Fatal Delusion,6.9,1995,https://yts.mx/movies/fatal-delusion-1995
170,Drama,Adventure Boyz,5.0,2019,https://yts.mx/movies/adventure-boyz-2019
171,Drama,Little Emma,6.1,2024,https://yts.mx/movies/little-emma-2024
172,Drama,Acts of Vengeance,5.7,2017,https://yts.mx/movies/acts-of-vengeance-2017
173,Drama,A Fat Wreck,7.0,2016,https://yts.mx/movies/a-fat-wreck-2016
174,Drama,The Survival of Kindness,6.2,2022,https://yts.mx/movies/the-survival-of-kindness-2022
175,Drama,Voyage,4.9,2013,https://yts.mx/movies/voyage-2013
176,Drama,A Biltmore Christmas,7.7,2023,https://yts.mx/movies/a-biltmore-christmas-2023
178,Drama, Suna,4.5,2007,https://yts.mx/movies/suna-2007
179,Drama, M,5.8,2023,https://yts.mx/movies/m-2023
180,Crime,He Never Left,6.7,2023,https://yts.mx/movies/he-never-left-2023
181,Crime,Out Come the Wolves,4.7,2024,https://yts.mx/movies/out-come-the-wolves-2024
182,Crime,"Love, Courage and the Battle of Bushy Run",6.1,2024,https://yts.mx/movies/love-courage-and-the-battle-of-bushy-run-2024
183,Crime, El 47,7.4,2024,https://yts.mx/movies/el-47-2024
185,Crime,The Red Kimono,6.5,1926,https://yts.mx/movies/the-red-kimono-1926
186,Crime,The Magician's Raincoat,6.8,2024,https://yts.mx/movies/the-magicians-raincoat-2024
187,Crime,A Strange Adventure,5.6,1956,https://yts.mx/movies/a-strange-adventure-1956
188,Crime,Above the Best,4.6,2019,https://yts.mx/movies/above-the-best-2019
189,Crime,Alarum,6.2,2025,https://yts.mx/movies/alarum-2025
190,Crime,Jimi Hendrix: Live at Woodstock,8.5,1999,https://yts.mx/movies/jimi-hendrix-live-at-woodstock-1999
191,Crime, Het Boek van Alle Dingen,7.9,2024,https://yts.mx/movies/het-boek-van-alle-dingen-2024
192,Crime,David Lynch: The Art Life,7.2,2016,https://yts.mx/movies/david-lynch-the-art-life-2016
193,Crime, I Am Kathalan,7.0,2024,https://yts.mx/movies/i-am-kathalan-2024
194,Crime,Unstoppable,6.9,2024,https://yts.mx/movies/unstoppable-2024
195,Crime,The Undertaker,8.0,2023,https://yts.mx/movies/the-undertaker-2023
197,Crime, I Can't Live Without You,5.0,2024,https://yts.mx/movies/i-cant-live-without-you-2-2024
198,Crime,Dear Kelly,8.8,2024,https://yts.mx/movies/dear-kelly-2024
199,Crime,Soundless Wind Chime,6.4,2009,https://yts.mx/movies/soundless-wind-chime-2009
200,Action, The Battle Wizard,6.1,1977,https://yts.mx/movies/the-battle-wizard-1977
201,Action,Earth Angel,5.5,1991,https://yts.mx/movies/earth-angel-1991
202,Action,Diddy: Summit to Plummet,3.2,2024,https://yts.mx/movies/diddy-summit-to-plummet-2024
203,Action,Under Western Stars,5.8,1938,https://yts.mx/movies/under-western-stars-1938
204,Action, The Blind Christ,5.8,2016,https://yts.mx/movies/the-blind-christ-2016
205,Action,Distant,5.7,2024,https://yts.mx/movies/distant-2024
206,Action,Joshua,4.6,1976,https://yts.mx/movies/joshua-1976
207,Action,The Epic Journey of Dwayne 'the Rock' Johnson,7.9,2012,https://yts.mx/movies/the-epic-journey-of-dwayne-the-rock-johnson-2012
208,Action,Powder Pup,7.3,2024,https://yts.mx/movies/powder-pup-2024
209,Action,Resynator,8.1,2024,https://yts.mx/movies/resynator-2024
210,Action,The Other Side of the Mirror: Bob Dylan at the Newport Folk Festival,8.1,2007,https://yts.mx/movies/the-other-side-of-the-mirror-bob-dylan-at-the-newport-folk-festival-2007
211,Action,Point Last Seen,5.9,1998,https://yts.mx/movies/point-last-seen-1998
212,Action, Scalps,5.4,1987,https://yts.mx/movies/scalps-1987
213,Action,You Light Up My Christmas,5.7,2019,https://yts.mx/movies/you-light-up-my-christmas-2019
214,Action,Splashback,8.9,2023,https://yts.mx/movies/splashback-2023
215,Action,The Christmas Carol,6.0,1949,https://yts.mx/movies/the-christmas-carol-1949
217,Action,The Lady Refuses,5.9,1931,https://yts.mx/movies/the-lady-refuses-1931
218,Action, Winnetou: The Last Shot,6.6,1965,https://yts.mx/movies/winnetou-the-last-shot-1965
219,Action,Big Boys,6.9,2023,https://yts.mx/movies/big-boys-2023
220,Adventure,Band of Robbers,6.0,2015,https://yts.mx/movies/band-of-robbers-2015
221,Adventure,Pearl Jam Twenty,8.2,2011,https://yts.mx/movies/pearl-jam-twenty-2011
222,Adventure, You Ain't Seen Nothin' Yet,6.5,2012,https://yts.mx/movies/you-aint-seen-nothin-yet-2012
223,Adventure, The Quack,7.8,1982,https://yts.mx/movies/the-quack-1982
224,Adventure,Beaconsfield,6.8,2012,https://yts.mx/movies/beaconsfield-2012
225,Adventure,Hatari!,7.1,1962,https://yts.mx/movies/hatari-1962
226,Adventure,Love in the Great Smoky Mountains: A National Park Romance,5.5,2023,https://yts.mx/movies/love-in-the-great-smoky-mountains-a-national-park-romance-2023
227,Adventure,No Country for Old Men,8.2,2007,https://yts.mx/movies/no-country-for-old-men-2007
228,Adventure,El Greco,6.5,2007,https://yts.mx/movies/el-greco-2007
229,Adventure,How to Fall in Love by Christmas,5.9,2023,https://yts.mx/movies/how-to-fall-in-love-by-christmas-2023
230,Adventure, See You in Montevideo,8.1,2014,https://yts.mx/movies/see-you-in-montevideo-2014
231,Adventure,To Trap a Spy,6.0,1964,https://yts.mx/movies/to-trap-a-spy-1964
232,Adventure,Apartment Troubles,4.2,2014,https://yts.mx/movies/apartment-troubles-2014
233,Adventure,The Limit,4.5,2004,https://yts.mx/movies/the-limit-2004
234,Adventure,Rappin',4.3,1985,https://yts.mx/movies/rappin-1985
235,Adventure, Dead Man's Letters,7.5,1986,https://yts.mx/movies/dead-mans-letters-1986
236,Adventure, One Piece - Episode of East Blue: Luffy and His Four Friends' Great Adventure,7.2,2017,https://yts.mx/movies/one-piece-episode-of-east-blue-luffy-and-his-four-friends-great-adventure-2017
237,Adventure, The Snake Girl and the Silver-Haired Witch,6.6,1968,https://yts.mx/movies/the-snake-girl-and-the-silver-haired-witch-1968
238,Adventure,Blessings of Christmas,6.6,2023,https://yts.mx/movies/blessings-of-christmas-2023
239,Adventure, Summer Palace,7.2,2006,https://yts.mx/movies/summer-palace-2006
240,Action, Rock the Casbah,6.6,2012,https://yts.mx/movies/rock-the-casbah-2012
241,Action, Pepe,6.2,2024,https://yts.mx/movies/pepe-2024
242,Action,Undercover Christmas,6.4,2003,https://yts.mx/movies/undercover-christmas-2003
243,Action,Captain Nemo and the Underwater City,5.7,1969,https://yts.mx/movies/captain-nemo-and-the-underwater-city-1969
244,Action,My Doctor's Secret Life,5.7,2023,https://yts.mx/movies/my-doctors-secret-life-2023
245,Action,Giantess Battle Attack,4.2,2022,https://yts.mx/movies/giantess-battle-attack-2022
246,Action,The Venice Murders,4.4,2023,https://yts.mx/movies/the-venice-murders-2023
247,Action, Live,6.0,2015,https://yts.mx/movies/live-2015
248,Action,Flock of Dudes,5.2,2016,https://yts.mx/movies/flock-of-dudes-2016
249,Action,Flower Shop Mystery: Snipped in the Bud,6.3,2016,https://yts.mx/movies/flower-shop-mystery-snipped-in-the-bud-2016
250,Action,"Carmilla, the Lesbian Vampire",1.6,2004,https://yts.mx/movies/carmilla-the-lesbian-vampire-2004
251,Action,Dirigible,6.3,1931,https://yts.mx/movies/dirigible-1931
252,Action,Laws of Man,7.0,2024,https://yts.mx/movies/laws-of-man-2024
253,Action,A Country Christmas Story,6.3,2013,https://yts.mx/movies/a-country-christmas-story-2013
254,Action,Bottom Feeder,4.2,2007,https://yts.mx/movies/bottom-feeder-2007
255,Action,Four Sons,7.2,1928,https://yts.mx/movies/four-sons-1928
256,Action,You Lucky Dog,4.6,1998,https://yts.mx/movies/you-lucky-dog-1998
257,Action,Infinity Baby,6.2,2017,https://yts.mx/movies/infinity-baby-2017
258,Action,Reckonings,7.8,2022,https://yts.mx/movies/reckonings-2022
259,Action,The Lucky Texan,5.6,1934,https://yts.mx/movies/the-lucky-texan-1934
260,Horror,The 9th Circle,5.3,2008,https://yts.mx/movies/the-9th-circle-2008
261,Horror, Too Beautiful for You,6.7,1989,https://yts.mx/movies/too-beautiful-for-you-1989
262,Horror, The Nameless,5.8,1999,https://yts.mx/movies/the-nameless-1999
263,Horror,On a Clear Day,6.9,2005,https://yts.mx/movies/on-a-clear-day-2005
264,Horror,Riddick,6.4,2013,https://yts.mx/movies/riddick-2013
265,Horror,A Kindhearted Christmas,6.1,2021,https://yts.mx/movies/a-kindhearted-christmas-2021
266,Horror,The Linguini Incident,6.2,1991,https://yts.mx/movies/the-linguini-incident-1991
267,Horror,Stateside,5.8,2004,https://yts.mx/movies/stateside-2004
268,Horror,The Clinic,5.3,2010,https://yts.mx/movies/the-clinic-2010
269,Horror,Immortality,6.2,1998,https://yts.mx/movies/immortality-1998
270,Horror,Bank of Dave 2 : The Loan Ranger,6.9,2025,https://yts.mx/movies/bank-of-dave-2-the-loan-ranger-2025
271,Horror,Undertaking Betty,6.5,2002,https://yts.mx/movies/undertaking-betty-2002
272,Horror,Bill Maher: Is Anyone Else Seeing This?,6.8,2025,https://yts.mx/movies/bill-maher-is-anyone-else-seeing-this-2025
273,Horror,An Almost Christmas Story,7.0,2024,https://yts.mx/movies/an-almost-christmas-story-2024
274,Horror,Absolution,5.2,2024,https://yts.mx/movies/absolution-2024
275,Horror,A Fond Kiss,7.1,2004,https://yts.mx/movies/a-fond-kiss-2004
276,Horror,Beautiful Wedding,4.1,2024,https://yts.mx/movies/beautiful-wedding-2024
277,Horror, Bol Radha Bol,6.1,1992,https://yts.mx/movies/bol-radha-bol-1992
278,Horror,Images,7.0,1972,https://yts.mx/movies/images-1972
279,Horror,Wolf Creek,6.2,2005,https://yts.mx/movies/wolf-creek-2005
280,Drama, With a Kiss I Die,4.5,2018,https://yts.mx/movies/with-a-kiss-i-die-2018
281,Drama,White Lion,6.5,2010,https://yts.mx/movies/white-lion-2010
282,Drama,2 aces and a dirty heart,4.6,2017,https://yts.mx/movies/2-aces-and-a-dirty-heart-2017
283,Drama, Ata Demirer Gazinosu,7.6,2020,https://yts.mx/movies/ata-demirer-gazinosu-2020
285,Drama, It Can Be Done Amigo,5.7,1972,https://yts.mx/movies/it-can-be-done-amigo-1972
286,Drama,20 Funerals,4.2,2004,https://yts.mx/movies/20-funerals-2004
287,Drama,When Justice Fails,4.6,1999,https://yts.mx/movies/when-justice-fails-1999
288,Drama, Silent Trees,7.3,2024,https://yts.mx/movies/silent-trees-2024
289,Drama,Girls' Night Out,4.1,2023,https://yts.mx/movies/girls-night-out-2023
290,Drama,Mortuary of the Dead,2.1,1992,https://yts.mx/movies/mortuary-of-the-dead-1992
291,Drama, 4 Dollars of Revenge,5.1,1966,https://yts.mx/movies/4-dollars-of-revenge-1966
292,Drama,A Fine Step,5.3,2014,https://yts.mx/movies/a-fine-step-2014
294,Drama, Avicii - My Last Show,7.3,2024,https://yts.mx/movies/avicii-my-last-show-2024
295,Drama,Oxygen,6.0,1999,https://yts.mx/movies/oxygen-1999
296,Drama,2073,5.2,2024,https://yts.mx/movies/2073-2024
297,Drama,How to Make Gravy,7.1,2024,https://yts.mx/movies/how-to-make-gravy-2024
298,Drama,A Date by Christmas Eve,5.9,2019,https://yts.mx/movies/a-date-by-christmas-eve-2019
299,Drama,Abruptio,6.6,2023,https://yts.mx/movies/abruptio-2023
300,Action,Snake Eyes,6.1,1998,https://yts.mx/movies/snake-eyes-1998
302,Action,The Naughty List of Mr. Scrooge,6.8,2024,https://yts.mx/movies/the-naughty-list-of-mr-scrooge-2024
303,Action,Underbelly Files: The Man Who Got Away,6.6,2011,https://yts.mx/movies/underbelly-files-the-man-who-got-away-2011
304,Action, Petites mains,6.0,2024,https://yts.mx/movies/petites-mains-2024
305,Action,Dark Breed,4.3,1996,https://yts.mx/movies/dark-breed-1996
306,Action,Galaxy Quest,7.4,1999,https://yts.mx/movies/galaxy-quest-1999
307,Action,The Claim,6.3,2000,https://yts.mx/movies/the-claim-2000
308,Action,Together: 4-In-A-Row,6.9,2024,https://yts.mx/movies/together-4-in-a-row-2024
309,Action,Model House,4.0,2024,https://yts.mx/movies/model-house-2024
310,Action, Evelyn,5.8,2012,https://yts.mx/movies/evelyn-2012
311,Action, Madame Ida,7.6,2024,https://yts.mx/movies/madame-ida-2024
312,Action, Green Sea,6.5,2020,https://yts.mx/movies/green-sea-2020
313,Action, Rokjesnacht,5.1,2024,https://yts.mx/movies/rokjesnacht-2024
314,Action,Katherine Ryan: In Trouble,7.0,2017,https://yts.mx/movies/katherine-ryan-in-trouble-2017
315,Action,Katangari Goes to Town,4.7,2025,https://yts.mx/movies/katangari-goes-to-town-2025
316,Action,Beautiful Friend,7.3,2023,https://yts.mx/movies/beautiful-friend-2023
317,Action,A Girl Like Grace,5.7,2015,https://yts.mx/movies/a-girl-like-grace-2015
318,Action,A Frozen Christmas 2,4.6,2017,https://yts.mx/movies/a-frozen-christmas-2-2017
319,Action,Internal Affairs,6.5,1990,https://yts.mx/movies/internal-affairs-1990
320,Action,The Fantastic Four,3.8,1994,https://yts.mx/movies/the-fantastic-four-1994
321,Action,A Christmas Proposal,4.7,2008,https://yts.mx/movies/a-christmas-proposal-2008
322,Action, La 7ème compagnie au clair de lune,6.2,1977,https://yts.mx/movies/la-7eme-compagnie-au-clair-de-lune-1977
323,Action,The SpongeBob Musical: Live on Stage!,7.5,2019,https://yts.mx/movies/the-spongebob-musical-live-on-stage-2019
324,Action,A Christmas Wedding Date,5.3,2012,https://yts.mx/movies/a-christmas-wedding-date-2012
325,Action, Viva Riva!,6.1,2010,https://yts.mx/movies/viva-riva-2010
326,Action,Cunk on Life,7.6,2024,https://yts.mx/movies/cunk-on-life-2024
328,Action,Star Wars: Star Warriors,7.3,2007,https://yts.mx/movies/star-wars-star-warriors-2007
329,Action, Target,6.4,2023,https://yts.mx/movies/target-2023
330,Action, Matru Ki Bijlee Ka Mandola,5.6,2013,https://yts.mx/movies/matru-ki-bijlee-ka-mandola-2013
331,Action, A Legend,4.7,2024,https://yts.mx/movies/a-legend-2024
332,Action, Une affaire de principe,6.4,2024,https://yts.mx/movies/une-affaire-de-principe-2024
333,Action, A Cry from Within,3.5,2014,https://yts.mx/movies/a-cry-from-within-2014
334,Action,Aliens Expanded,8.4,2024,https://yts.mx/movies/aliens-expanded-2024
335,Action,Seedpeople,4.4,1992,https://yts.mx/movies/seedpeople-1992
337,Action, Die Söhne der großen Bärin,5.7,1966,https://yts.mx/movies/die-sohne-der-grosen-barin-1966
338,Action, Blackie the Pirate,5.2,1971,https://yts.mx/movies/blackie-the-pirate-1971
339,Action," Golem, l'esprit de l'exil",5.6,1992,https://yts.mx/movies/golem-lesprit-de-lexil-1992
340,Drama, Days of Happiness,6.6,2023,https://yts.mx/movies/days-of-happiness-2023
341,Drama, Chaotic Ana,6.3,2007,https://yts.mx/movies/chaotic-ana-2007
342,Drama, Piep*zyc Mickiewicza,4.8,2024,https://yts.mx/movies/piepzyc-mickiewicza-2024
343,Drama,The Playroom,5.3,2012,https://yts.mx/movies/the-playroom-2012
344,Drama,Donna and Ally,7.3,2023,https://yts.mx/movies/donna-and-ally-2023
345,Drama,Land of the Dead,6.2,2005,https://yts.mx/movies/land-of-the-dead-2005
346,Drama, Alice on & Off,8.6,2024,https://yts.mx/movies/alice-on-off-2024
347,Drama, Exploratorul,8.2,2013,https://yts.mx/movies/exploratorul-2013
348,Drama,The Well,5.0,2023,https://yts.mx/movies/the-well-2023
349,Drama, Belleville Cop,5.0,2018,https://yts.mx/movies/belleville-cop-2018
350,Drama,Love Shack,3.3,2010,https://yts.mx/movies/love-shack-2010
351,Drama,Mr Bates vs the Post Office: The Real Story,7.6,2024,https://yts.mx/movies/mr-bates-vs-the-post-office-the-real-story-2024
352,Drama, Black Box Diaries,7.9,2024,https://yts.mx/movies/black-box-diaries-2024
353,Drama, Love at 39 Degrees,5.5,2024,https://yts.mx/movies/love-at-39-degrees-2024
354,Drama,The Beast of the Bales,9.0,2024,https://yts.mx/movies/the-beast-of-the-bales-2024
355,Drama,Armor,3.5,2024,https://yts.mx/movies/armor-2024
356,Drama,A Christmas in Vermont,5.5,2016,https://yts.mx/movies/a-christmas-in-vermont-2016
357,Drama, La travestie,5.0,1988,https://yts.mx/movies/la-travestie-1988
358,Drama, Bucha,7.2,2023,https://yts.mx/movies/bucha-2023
359,Drama, Gangoose,4.8,2018,https://yts.mx/movies/gangoose-2018
360,Comedy, Kang Mak,6.8,2024,https://yts.mx/movies/kang-mak-2024
361,Comedy, This Is Benjamin Ingrosso Part 2,5.5,2024,https://yts.mx/movies/this-is-benjamin-ingrosso-part-2-2024
362,Comedy, Agni,7.5,2024,https://yts.mx/movies/agni-2024
363,Comedy,A Boy Called Sailboat,6.7,2018,https://yts.mx/movies/a-boy-called-sailboat-2018
364,Comedy, Madame Irma,5.6,2006,https://yts.mx/movies/madame-irma-2006
365,Comedy,The Ladies Man,6.3,1961,https://yts.mx/movies/the-ladies-man-1961
367,Comedy,42nd Street Forever: Blu-ray Edition,7.9,2012,https://yts.mx/movies/42nd-street-forever-blu-ray-edition-2012
368,Comedy,Testament: The Parables Retold,7.3,2022,https://yts.mx/movies/testament-the-parables-retold-2022
369,Comedy,51,3.5,2011,https://yts.mx/movies/51-2011
370,Comedy, Women from Rote Island,6.4,2023,https://yts.mx/movies/women-from-rote-island-2023
371,Comedy,Photographing Fairies,6.8,1997,https://yts.mx/movies/photographing-fairies-1997
372,Comedy, Kromoleo,4.4,2024,https://yts.mx/movies/kromoleo-2024
373,Comedy,Christmas in Lagos,6.4,2024,https://yts.mx/movies/christmas-in-lagos-2024
374,Comedy,Young Werther,6.7,2024,https://yts.mx/movies/young-werther-2024
375,Comedy, Retreat Vama Veche,5.4,2024,https://yts.mx/movies/retreat-vama-veche-2024
378,Comedy, Teasing Master Takagi-san Movie,7.2,2024,https://yts.mx/movies/teasing-master-takagi-san-movie-2024
380,Sci-Fi,Black Eyed Susan,6.7,2024,https://yts.mx/movies/black-eyed-susan-2024
381,Sci-Fi, Kix,8.4,2024,https://yts.mx/movies/kix-2024
382,Sci-Fi,The Outrun,6.9,2024,https://yts.mx/movies/the-outrun-2024
383,Sci-Fi,Birdeater,5.4,2023,https://yts.mx/movies/birdeater-2023
384,Sci-Fi,Wallace & Gromit: Vengeance Most Fowl,8.0,2024,https://yts.mx/movies/wallace-gromit-vengeance-most-fowl-2024
385,Sci-Fi,Agatha & Poirot: Partners in Crime,7.4,2021,https://yts.mx/movies/agatha-poirot-partners-in-crime-2021
386,Sci-Fi, Harry Styles: The Finishing Touch,6.2,2023,https://yts.mx/movies/harry-styles-the-finishing-touch-2023
387,Sci-Fi, Bade Miyan Chote Miyan,3.8,2024,https://yts.mx/movies/bade-miyan-chote-miyan-2024
388,Sci-Fi,Follow the Rain,7.9,2024,https://yts.mx/movies/follow-the-rain-2024
389,Sci-Fi, Vettaiyan,7.1,2024,https://yts.mx/movies/vettaiyan-2024
390,Sci-Fi,The Order,7.0,2024,https://yts.mx/movies/the-order-2024
391,Sci-Fi,Clint Eastwood: Make My Day,3.5,2023,https://yts.mx/movies/clint-eastwood-make-my-day-2023
392,Sci-Fi,Bird,7.2,2024,https://yts.mx/movies/bird-2024
393,Sci-Fi,Sapiosexual,6.1,2023,https://yts.mx/movies/sapiosexual-2023
394,Sci-Fi,Yanni Live! The Concert Event,9.4,2006,https://yts.mx/movies/yanni-live-the-concert-event-2006
395,Sci-Fi,The Lord of the Rings: The War of the Rohirrim,6.6,2024,https://yts.mx/movies/the-lord-of-the-rings-the-war-of-the-rohirrim-2024
396,Sci-Fi, La tête dans les étoiles,4.7,2023,https://yts.mx/movies/la-tete-dans-les-etoiles-2023
397,Sci-Fi,Wound,3.3,2010,https://yts.mx/movies/wound-2010
398,Sci-Fi,Bonhoeffer: Pastor. Spy. Assassin.,7.0,2024,https://yts.mx/movies/bonhoeffer-pastor-spy-assassin-2024
399,Sci-Fi,7th Cavalry,5.8,1956,https://yts.mx/movies/7th-cavalry-1956
400,Action,3 Musketeers,2.5,2011,https://yts.mx/movies/3-musketeers-2011
401,Action,Natural Selection,5.1,2016,https://yts.mx/movies/natural-selection-2016
402,Action, The Bothersome Man,7.2,2006,https://yts.mx/movies/the-bothersome-man-2006
403,Action, Laila Majnu,7.7,2018,https://yts.mx/movies/laila-majnu-2018
404,Action,Detours,6.5,2016,https://yts.mx/movies/detours-2016
405,Action,What Is Cinema?,6.1,2013,https://yts.mx/movies/what-is-cinema-2013
406,Action,Deck the Halls on Cherry Lane,6.9,2024,https://yts.mx/movies/deck-the-halls-on-cherry-lane-2024
407,Action,Benidorm: 10 Years on Holiday,7.5,2018,https://yts.mx/movies/benidorm-10-years-on-holiday-2018
408,Action,The Six Triple Eight,6.5,2024,https://yts.mx/movies/the-six-triple-eight-2024
409,Action,33 Postcards,6.1,2010,https://yts.mx/movies/33-postcards-2010
410,Action,"Forbidden Knowledge: Prophecies, Portals and Time Machines",8.4,2023,https://yts.mx/movies/forbidden-knowledge-prophecies-portals-and-time-machines-2023
411,Action, Balladen om mestertyven Ole Høiland,5.9,1970,https://yts.mx/movies/balladen-om-mestertyven-ole-hoiland-1970
412,Action, Die Abenteuer des Werner Holt,7.5,1965,https://yts.mx/movies/die-abenteuer-des-werner-holt-1965
413,Action, Death at Oslo Central,6.1,1990,https://yts.mx/movies/death-at-oslo-central-1990
414,Action,Burton and Taylor,6.4,2013,https://yts.mx/movies/burton-and-taylor-2013
415,Action, Trentatré - a Dream in the heart: Naples rises again,9.0,2024,https://yts.mx/movies/trentatre-a-dream-in-the-heart-naples-rises-again-2024
416,Action,Lost in Tomorrow,6.1,2023,https://yts.mx/movies/lost-in-tomorrow-2023
417,Action,Snowman,3.5,2022,https://yts.mx/movies/snowman-2022
418,Action,Micki + Maude,6.0,1984,https://yts.mx/movies/micki-maude-1984
419,Action, Blindness,5.8,2016,https://yts.mx/movies/blindness-2016
420,Action,Trolls Holiday,6.1,2017,https://yts.mx/movies/trolls-holiday-2017
421,Action,Wildcat,5.8,2023,https://yts.mx/movies/wildcat-2023
422,Action, The Jackpot!,6.2,1991,https://yts.mx/movies/the-jackpot-1991
423,Action,Stowaway,3.3,2022,https://yts.mx/movies/stowaway-2-2022
424,Action,The Day the Earth Blew Up: A Looney Tunes Movie,6.9,2024,https://yts.mx/movies/the-day-the-earth-blew-up-a-looney-tunes-movie-2024
425,Action, Bambi: A Tale of Life in the Woods,5.9,2024,https://yts.mx/movies/bambi-a-tale-of-life-in-the-woods-2024
426,Action, Captain Miller,6.5,2024,https://yts.mx/movies/captain-miller-2024
427,Action, Me he hecho viral,5.4,2023,https://yts.mx/movies/me-he-hecho-viral-2023
428,Action,Hashtag Luv Swag,5.2,2015,https://yts.mx/movies/hashtag-luv-swag-2015
429,Action,Salvation Street,3.7,2015,https://yts.mx/movies/salvation-street-2015
430,Action, Onyeegwu,3.2,2023,https://yts.mx/movies/onyeegwu-2023
431,Action,The Last Showgirl,6.7,2024,https://yts.mx/movies/the-last-showgirl-2024
432,Action,For the Love of Ruth,7.9,2015,https://yts.mx/movies/for-the-love-of-ruth-2015
433,Action,Last County,5.7,2023,https://yts.mx/movies/last-county-2023
434,Action,Game Face,6.6,2015,https://yts.mx/movies/game-face-2015
435,Action,Harry Price: Ghost Hunter,6.7,2015,https://yts.mx/movies/harry-price-ghost-hunter-2015
436,Action,Girlfriends Getaway 2,6.5,2015,https://yts.mx/movies/girlfriends-getaway-2-2015
437,Action,Forgiveness,5.9,2015,https://yts.mx/movies/forgiveness-2015
438,Action,Never Love a Stranger,5.4,1958,https://yts.mx/movies/never-love-a-stranger-1958
439,Action,The Brutalist,7.9,2024,https://yts.mx/movies/the-brutalist-2024
440,Drama,Love Me,5.7,2024,https://yts.mx/movies/love-me-2024
441,Drama,Super Duper Alice Cooper,7.3,2014,https://yts.mx/movies/super-duper-alice-cooper-2014
442,Drama, A Wife Confesses,7.5,1961,https://yts.mx/movies/a-wife-confesses-1961
443,Drama, Tiger 3,5.7,2023,https://yts.mx/movies/tiger-3-2023
444,Drama,Companion,7.3,2025,https://yts.mx/movies/companion-2025
445,Drama, The Stone Eater,5.4,2018,https://yts.mx/movies/the-stone-eater-2018
446,Drama, The Hitler Chronicles: Part1 1889-1929,7.2,2018,https://yts.mx/movies/the-hitler-chronicles-part1-1889-1929-2018
447,Drama,Drained,7.2,2024,https://yts.mx/movies/drained-2024
448,Drama,Functional Fitness,4.9,2016,https://yts.mx/movies/functional-fitness-2016
449,Drama,Katie's Mom,5.4,2023,https://yts.mx/movies/katies-mom-2023
450,Drama,Shattered,5.2,2017,https://yts.mx/movies/shattered-2017
451,Drama,Gunner,3.2,2024,https://yts.mx/movies/gunner-2024
452,Drama, Abashiri bangaichi: Dai setsugen no taiketsu,6.5,1966,https://yts.mx/movies/abashiri-bangaichi-dai-setsugen-no-taiketsu-1966
453,Drama,Deep Murder,4.1,2019,https://yts.mx/movies/deep-murder-2019
454,Drama, Ranmaru: Kamino shita wo motsu otoko,5.3,2016,https://yts.mx/movies/ranmaru-kamino-shita-wo-motsu-otoko-2016
455,Drama, Landesverräter,6.0,2024,https://yts.mx/movies/landesverrater-2024
456,Drama,Dead Money,5.9,2024,https://yts.mx/movies/dead-money-2024
457,Drama,Home: For the Holidays,4.7,2017,https://yts.mx/movies/home-for-the-holidays-2017
458,Drama, The Monk and the Gun,7.2,2023,https://yts.mx/movies/the-monk-and-the-gun-2023
461,Horror,The Christmas Spirit,4.9,2023,https://yts.mx/movies/the-christmas-spirit-2023
462,Horror,More Than Friends,6.7,2016,https://yts.mx/movies/more-than-friends-2016
463,Horror, Beating Hearts,7.3,2024,https://yts.mx/movies/beating-hearts-2024
464,Horror,Juno and the Paycock,4.6,1930,https://yts.mx/movies/juno-and-the-paycock-1930
465,Horror,Second Sight,6.8,2016,https://yts.mx/movies/second-sight-2016
466,Horror,The Secret She Kept,6.2,2016,https://yts.mx/movies/the-secret-she-kept-2016
467,Horror,Dog Man,6.4,2025,https://yts.mx/movies/dog-man-2025
468,Horror,Paddington in Peru,6.8,2024,https://yts.mx/movies/paddington-in-peru-2024
469,Horror,Out of Darkness,8.8,2016,https://yts.mx/movies/out-of-darkness-2016
470,Horror,Caligula: The Ultimate Cut,6.4,2023,https://yts.mx/movies/caligula-the-ultimate-cut-2023
471,Horror,Seed: The Untold Story,7.7,2016,https://yts.mx/movies/seed-the-untold-story-2016
472,Horror,Stolen Virginity,3.0,2016,https://yts.mx/movies/stolen-virginity-2016
473,Horror,No Regrets,5.6,2016,https://yts.mx/movies/no-regrets-2016
474,Horror,How to Build a Human,7.8,2016,https://yts.mx/movies/how-to-build-a-human-2016
475,Horror,Halloweed,3.6,2016,https://yts.mx/movies/halloweed-2016
476,Horror,Love and Deceit,6.4,2016,https://yts.mx/movies/love-and-deceit-2016
477,Horror,My Art,4.3,2016,https://yts.mx/movies/my-art-2016
478,Horror,Fashionista,5.4,2016,https://yts.mx/movies/fashionista-2016
479,Horror,We Beat the Dream Team,7.0,2025,https://yts.mx/movies/we-beat-the-dream-team-2025
481,Comedy, Seeing the Beginning of Time,7.3,2017,https://yts.mx/movies/seeing-the-beginning-of-time-2017
482,Comedy, Bleach: Memories of Nobody,7.1,2006,https://yts.mx/movies/bleach-memories-of-nobody-2006
483,Comedy,The Deadly Companions,6.1,1961,https://yts.mx/movies/the-deadly-companions-1961
484,Comedy,Troma's War,5.5,1988,https://yts.mx/movies/tromas-war-1988
485,Comedy, The Mehta Boys,7.3,2024,https://yts.mx/movies/the-mehta-boys-2024
486,Comedy,SNL50: The Anniversary Special,8.2,2025,https://yts.mx/movies/snl50-the-anniversary-special-2025
487,Comedy, Parthenope,6.8,2024,https://yts.mx/movies/parthenope-2024
488,Comedy,The Terrornauts,4.8,1967,https://yts.mx/movies/the-terrornauts-1967
489,Comedy,Courting a Killer,5.1,2013,https://yts.mx/movies/courting-a-killer-2013
490,Comedy, Domnul de la curte,6.0,2014,https://yts.mx/movies/domnul-de-la-curte-2014
491,Comedy,Mufasa: The Lion King,6.7,2024,https://yts.mx/movies/mufasa-the-lion-king-2024
492,Comedy,The Ceremony Is About to Begin,5.7,2024,https://yts.mx/movies/the-ceremony-is-about-to-begin-2024
493,Comedy,September 5,7.1,2024,https://yts.mx/movies/september-5-2024
494,Comedy,The Order,6.8,2024,https://yts.mx/movies/the-order-2024
498,Comedy, Hashtag Tadev lagnam,8.1,2024,https://yts.mx/movies/hashtag-tadev-lagnam-2024
501,Crime, Bardovi,7.8,2024,https://yts.mx/movies/bardovi-2024
502,Crime, Way Home,6.9,2024,https://yts.mx/movies/way-home-2024
503,Crime,A Trip Elsewhere,8.1,2024,https://yts.mx/movies/a-trip-elsewhere-2024
505,Crime,Born Bad,4.4,2011,https://yts.mx/movies/born-bad-2011
506,Crime,Return to Office,7.3,2025,https://yts.mx/movies/return-to-office-2025
507,Crime,Spider-Man 2,7.5,2004,https://yts.mx/movies/spider-man-2-2004
508,Crime, Ils sont fous ces sorciers,4.3,1978,https://yts.mx/movies/ils-sont-fous-ces-sorciers-1978
509,Crime,Prism,5.6,2017,https://yts.mx/movies/prism-2017
510,Crime, Partly Cloudy with Sunny Spells,5.3,2015,https://yts.mx/movies/partly-cloudy-with-sunny-spells-2015
511,Crime,Tooth Fairy Queen of Pain,3.0,2022,https://yts.mx/movies/tooth-fairy-queen-of-pain-2022
512,Crime, An Abandoned Team,7.5,2024,https://yts.mx/movies/an-abandoned-team-2024
513,Crime, All Is Well,6.4,2018,https://yts.mx/movies/all-is-well-2018
514,Crime,Outside the Law,6.3,1956,https://yts.mx/movies/outside-the-law-1956
515,Crime,Jaws vs. the Blob,5.9,2022,https://yts.mx/movies/jaws-vs-the-blob-2022
516,Crime,The Drop Spot,5.3,2022,https://yts.mx/movies/the-drop-spot-2022
517,Crime, Mother Schmuckers,4.9,2021,https://yts.mx/movies/mother-schmuckers-2021
518,Crime,The Love We Had,5.5,2022,https://yts.mx/movies/the-love-we-had-2022
519,Crime,The Foreign Exchange Student 2: The Hunt,2.7,2022,https://yts.mx/movies/the-foreign-exchange-student-2-the-hunt-2022
520,Thriller,The Ring Widow,7.4,2022,https://yts.mx/movies/the-ring-widow-2022
521,Thriller,Hunt Vs Lauda: The Next Generation,6.3,2022,https://yts.mx/movies/hunt-vs-lauda-the-next-generation-2022
523,Thriller,Love and the Radio Star,5.9,2022,https://yts.mx/movies/love-and-the-radio-star-2022
524,Thriller,Jack & Jill: The Hills of Hell,2.9,2022,https://yts.mx/movies/jack-jill-the-hills-of-hell-2022
525,Thriller,Boxed In,6.0,2022,https://yts.mx/movies/boxed-in-2022
526,Thriller,County Line: No Fear,6.7,2022,https://yts.mx/movies/county-line-no-fear-2022
527,Thriller,The Higher Spirit,7.7,2022,https://yts.mx/movies/the-higher-spirit-2022
528,Thriller, Dil Chahta Hai,8.0,2001,https://yts.mx/movies/dil-chahta-hai-2001
529,Thriller,The Lord of the Rings: The War of the Rohirrim,6.3,2024,https://yts.mx/movies/the-lord-of-the-rings-the-war-of-the-rohirrim-2024
530,Thriller,SNL50: The Homecoming Concert,8.4,2025,https://yts.mx/movies/snl50-the-homecoming-concert-2025
531,Thriller, Undercover,7.3,2024,https://yts.mx/movies/undercover-2024
532,Thriller,When Love Kills: The Falicia Blakely Story,6.8,2017,https://yts.mx/movies/when-love-kills-the-falicia-blakely-story-2017
533,Thriller, Casatoria,7.3,2024,https://yts.mx/movies/casatoria-2024
534,Thriller,The Bill Murray Experience,4.8,2017,https://yts.mx/movies/the-bill-murray-experience-2017
535,Thriller, Fashion,6.9,2008,https://yts.mx/movies/fashion-2008
536,Thriller,Emmanuelle,4.2,2024,https://yts.mx/movies/emmanuelle-2024
537,Thriller,UFO CHRONICLES: The Shadow World,4.2,2017,https://yts.mx/movies/ufo-chronicles-the-shadow-world-2017
538,Thriller,Flight Risk,5.5,2025,https://yts.mx/movies/flight-risk-2025
539,Thriller,Motherland,7.1,2017,https://yts.mx/movies/motherland-2017
540,Western,Tombstone-Rashomon,4.1,2017,https://yts.mx/movies/tombstone-rashomon-2017
541,Western,Space Guardians,4.4,2017,https://yts.mx/movies/space-guardians-2017
542,Western, Broken Rage,7.6,2024,https://yts.mx/movies/broken-rage-2024
543,Western,Lifeguard,6.6,1976,https://yts.mx/movies/lifeguard-1976
544,Western, Checkmate,4.3,2024,https://yts.mx/movies/checkmate-2024
545,Western, My Way,6.9,2012,https://yts.mx/movies/my-way-2012
546,Western,Igor and the Lunatics,3.1,1985,https://yts.mx/movies/igor-and-the-lunatics-1985
547,Western," From Hilde, with Love",7.2,2024,https://yts.mx/movies/from-hilde-with-love-2024
548,Western,Forever Young,6.1,2023,https://yts.mx/movies/forever-young-2023
549,Western,Class of Nuke 'Em High Part II: Subhumanoid Meltdown,4.4,1991,https://yts.mx/movies/class-of-nuke-em-high-part-ii-subhumanoid-meltdown-1991
550,Western,Suits,4.0,1999,https://yts.mx/movies/suits-1999
551,Western,My Fault: London,5.8,2025,https://yts.mx/movies/my-fault-london-2025
552,Western,Moss,5.5,2017,https://yts.mx/movies/moss-2017
553,Western,Our Dream Christmas,5.6,2017,https://yts.mx/movies/our-dream-christmas-2017
554,Western,Mr. Chibbs,7.5,2017,https://yts.mx/movies/mr-chibbs-2017
555,Western,Kissing Candice,5.2,2017,https://yts.mx/movies/kissing-candice-2017
556,Western,Shifting Gears,5.0,2018,https://yts.mx/movies/shifting-gears-2018
557,Western, Umami,5.8,2025,https://yts.mx/movies/umami-2025
558,Western,Her Little Secret,6.9,2017,https://yts.mx/movies/her-little-secret-2017
559,Western,It's A Party,5.8,2018,https://yts.mx/movies/its-a-party-2018
560,Biography, Hilde,6.7,2009,https://yts.mx/movies/hilde-2009
561,Biography,Maternal Secrets,4.4,2018,https://yts.mx/movies/maternal-secrets-2018
562,Biography, Flatfoot in Egypt,6.1,1980,https://yts.mx/movies/flatfoot-in-egypt-1980
563,Biography,Jackson Bolt,4.3,2018,https://yts.mx/movies/jackson-bolt-2018
564,Biography,Muhammad Ali's Greatest Fight,6.7,2013,https://yts.mx/movies/muhammad-alis-greatest-fight-2013
565,Biography,Tom Arnold: Past & Present Imperfectly,5.8,2018,https://yts.mx/movies/tom-arnold-past-present-imperfectly-2018
566,Biography,It's a Date,6.3,2018,https://yts.mx/movies/its-a-date-2018
567,Biography,Bridget Jones: Mad About the Boy,7.1,2025,https://yts.mx/movies/bridget-jones-mad-about-the-boy-2025
568,Biography,Holly Near: Singing For Our Lives,7.7,2018,https://yts.mx/movies/holly-near-singing-for-our-lives-2018
569,Biography,Looking for love,7.3,2018,https://yts.mx/movies/looking-for-love-2018
570,Biography,The Baby Stealer,3.8,2018,https://yts.mx/movies/the-baby-stealer-2018
571,Biography, Julie Keeps Quiet,6.7,2024,https://yts.mx/movies/julie-keeps-quiet-2024
572,Biography, Limonov: The Ballad of Eddie,6.0,2024,https://yts.mx/movies/limonov-the-ballad-of-eddie-2024
573,Biography,"I, Dolours",7.2,2018,https://yts.mx/movies/i-dolours-2018
574,Biography,LEGO Hidden Side: Night of the Harbinger,6.7,2020,https://yts.mx/movies/lego-hidden-side-night-of-the-harbinger-2020
575,Biography, The Liberator,6.7,2013,https://yts.mx/movies/the-liberator-2013
576,Biography,Sons of Steel,5.1,1988,https://yts.mx/movies/sons-of-steel-1988
577,Biography,Marked Men,5.0,2025,https://yts.mx/movies/marked-men-2025
578,Biography, Sanam Teri Kasam,7.6,2016,https://yts.mx/movies/sanam-teri-kasam-2016
581,Comedy, Adrushya,6.8,2022,https://yts.mx/movies/adrushya-2022
585,Comedy,Puppy Bowl XXI,8.7,2025,https://yts.mx/movies/puppy-bowl-xxi-2025
586,Comedy,Catfish Killer,4.7,2022,https://yts.mx/movies/catfish-killer-2022
587,Comedy, Výjimecný stav,5.8,2024,https://yts.mx/movies/vyjimecny-stav-2024
588,Comedy,"O.J. Simpson: Blood, Lies & Murder",7.3,2023,https://yts.mx/movies/o-j-simpson-blood-lies-murder-2023
589,Comedy,Romeo + Isabella,5.3,2023,https://yts.mx/movies/romeo-isabella-2023
590,Comedy,Hard Truths,7.5,2024,https://yts.mx/movies/hard-truths-2024
591,Comedy,The Struggle,3.5,2019,https://yts.mx/movies/the-struggle-2019
592,Comedy,Boys of Summer,7.5,2010,https://yts.mx/movies/boys-of-summer-2010
593,Comedy,One of Them Days,7.1,2025,https://yts.mx/movies/one-of-them-days-2025
594,Comedy,Thanksgiving with the Carters,4.5,2019,https://yts.mx/movies/thanksgiving-with-the-carters-2019
595,Comedy,Magic,7.5,2019,https://yts.mx/movies/magic-2019
596,Comedy,In a New York Minute,7.9,2019,https://yts.mx/movies/in-a-new-york-minute-2019
597,Comedy,The Soviet Sleep Experiment,6.4,2019,https://yts.mx/movies/the-soviet-sleep-experiment-2019
598,Comedy, Take a Stan,6.2,2019,https://yts.mx/movies/take-a-stan-2019
599,Comedy," Hello, Love, Again",7.1,2024,https://yts.mx/movies/hello-love-again-2024
600,Drama,Nickel Boys,7.4,2024,https://yts.mx/movies/nickel-boys-2024
601,Drama,The Holiday Club,6.7,2024,https://yts.mx/movies/the-holiday-club-2024
602,Drama, Bomber,6.2,1982,https://yts.mx/movies/bomber-1982
603,Drama, The Lion Kid,6.0,2019,https://yts.mx/movies/the-lion-kid-2019
604,Drama,Feather Friends,2.5,2019,https://yts.mx/movies/feather-friends-2019
605,Drama,Lil' Monsters,5.5,2019,https://yts.mx/movies/lil-monsters-2019
606,Drama, Un week-end sur deux,5.7,1990,https://yts.mx/movies/un-week-end-sur-deux-1990
607,Drama,Groundhog Dave 2,5.8,2020,https://yts.mx/movies/groundhog-dave-2-2020
608,Drama,A Nymphoid Barbarian in Dinosaur Hell,2.7,1990,https://yts.mx/movies/a-nymphoid-barbarian-in-dinosaur-hell-1990
609,Drama,The Rubber-Keyed Wonder,8.0,2024,https://yts.mx/movies/the-rubber-keyed-wonder-2024
610,Drama, Troy the Bharat Putra,7.5,2024,https://yts.mx/movies/troy-the-bharat-putra-2024
611,Drama, Gaami,6.4,2024,https://yts.mx/movies/gaami-2024
612,Drama,Kinda Pregnant,5.0,2025,https://yts.mx/movies/kinda-pregnant-2025
613,Drama,The Answer,4.2,2015,https://yts.mx/movies/the-answer-2-2015
614,Drama,FairyTale: A True Story,6.5,1997,https://yts.mx/movies/fairytale-a-true-story-1997
615,Drama,The House Guest,5.0,2020,https://yts.mx/movies/the-house-guest-2020
616,Drama,The Manifestation,3.5,2024,https://yts.mx/movies/the-manifestation-2024
617,Drama,Sergio Mendes in the Key of Joy,8.3,2020,https://yts.mx/movies/sergio-mendes-in-the-key-of-joy-2020
618,Drama,Never Too Late: The Doc Severinsen Story,8.7,2020,https://yts.mx/movies/never-too-late-the-doc-severinsen-story-2020
619,Drama,Billy the Kid Versus Dracula,3.8,1966,https://yts.mx/movies/billy-the-kid-versus-dracula-1966
620,Biography,The Five Pennies,7.1,1959,https://yts.mx/movies/the-five-pennies-1959
621,Biography,Malicious,5.1,1995,https://yts.mx/movies/malicious-1995
622,Biography, Kadhalikka Neramillai,6.7,2025,https://yts.mx/movies/kadhalikka-neramillai-2025
623,Biography,Best Friends,5.1,1975,https://yts.mx/movies/best-friends-1975
624,Biography, Night Courier,7.5,2023,https://yts.mx/movies/night-courier-2023
625,Biography, El nino,6.4,2014,https://yts.mx/movies/el-nino-2014
626,Biography, The Mountain,6.1,2022,https://yts.mx/movies/the-mountain-2022
627,Biography, Una jirafa en el balcón,5.4,2024,https://yts.mx/movies/una-jirafa-en-el-balcon-2024
628,Biography,Too Funny to Fail: The Life & Death of The Dana Carvey Show,7.7,2017,https://yts.mx/movies/too-funny-to-fail-the-life-death-of-the-dana-carvey-show-2017
630,Biography,Triple D Revenge,8.4,2021,https://yts.mx/movies/triple-d-revenge-2021
631,Biography,Five Children and It,5.5,2004,https://yts.mx/movies/five-children-and-it-2004
632,Biography,Paper Heart,8.3,2021,https://yts.mx/movies/paper-heart-2021
633,Biography,Sweet Mahogany 2: Pure Indulgence,5.8,2021,https://yts.mx/movies/sweet-mahogany-2-pure-indulgence-2021
634,Biography, Mera Naam Joker,7.9,1970,https://yts.mx/movies/mera-naam-joker-1970
635,Biography, Warning 2,7.2,2024,https://yts.mx/movies/warning-2-2024
636,Biography, Fox & Hare Save the Forest,6.3,2024,https://yts.mx/movies/fox-hare-save-the-forest-2024
637,Biography,Turn Me On,6.5,2024,https://yts.mx/movies/turn-me-on-2024
638,Biography,Beezel,4.8,2024,https://yts.mx/movies/beezel-2024
639,Biography, Let Her Kill You,3.3,2023,https://yts.mx/movies/let-her-kill-you-2023
640,Crime,Deciphering the Zodiac Killer,7.2,2023,https://yts.mx/movies/deciphering-the-zodiac-killer-2023
641,Crime,Heart of the Manor,5.7,2021,https://yts.mx/movies/heart-of-the-manor-2021
642,Crime, Malu de Bicicleta,6.3,2010,https://yts.mx/movies/malu-de-bicicleta-2010
643,Crime,Handshake,7.3,2021,https://yts.mx/movies/handshake-2021
644,Crime, Smugglarkungen,4.8,1985,https://yts.mx/movies/smugglarkungen-1985
645,Crime,The Grifters,6.9,1990,https://yts.mx/movies/the-grifters-1990
646,Crime,Christmas Time Is Here,5.4,2021,https://yts.mx/movies/christmas-time-is-here-2021
647,Crime,The Wish Swap,7.8,2025,https://yts.mx/movies/the-wish-swap-2025
648,Crime, So Normal 2: The Craziest Night Ever,5.8,2009,https://yts.mx/movies/so-normal-2-the-craziest-night-ever-2009
649,Crime,Halloween Kickback,5.9,2021,https://yts.mx/movies/halloween-kickback-2021
650,Crime,The Sinister Surrogate,4.7,2018,https://yts.mx/movies/the-sinister-surrogate-2018
651,Crime,A Podcast to Die For,4.6,2023,https://yts.mx/movies/a-podcast-to-die-for-2023
652,Crime,Old Flames Never Die,5.2,2022,https://yts.mx/movies/old-flames-never-die-2022
653,Crime,My Husband's Killer Girlfriend,5.8,2021,https://yts.mx/movies/my-husbands-killer-girlfriend-2021
654,Crime,I Thought My Husband's Wife Was Dead,6.1,2024,https://yts.mx/movies/i-thought-my-husbands-wife-was-dead-2024
655,Crime,Picture Perfect Lies,5.4,2021,https://yts.mx/movies/picture-perfect-lies-2021
656,Crime,Murder at the Country Club,4.8,2023,https://yts.mx/movies/murder-at-the-country-club-2023
657,Crime,Dying to be a Cheerleader,5.0,2020,https://yts.mx/movies/dying-to-be-a-cheerleader-2020
658,Crime,Amish Affair,5.9,2024,https://yts.mx/movies/amish-affair-2024
659,Crime, Lek,6.2,2023,https://yts.mx/movies/lek-2023
660,Drama,The Graduates,6.9,2023,https://yts.mx/movies/the-graduates-2023
661,Drama,Melanie's Grave,6.2,2024,https://yts.mx/movies/melanies-grave-2024
662,Drama,The Last Video Store,4.4,2023,https://yts.mx/movies/the-last-video-store-2023
663,Drama,Clueless,6.9,1995,https://yts.mx/movies/clueless-1995
664,Drama,The Lost Patrol,6.8,1934,https://yts.mx/movies/the-lost-patrol-1934
665,Drama,Child Star,6.6,2024,https://yts.mx/movies/child-star-2024
667,Drama, Deux femmes,6.6,2022,https://yts.mx/movies/deux-femmes-2022
668,Drama,Meurtres à Nancy,6.7,2022,https://yts.mx/movies/meurtres-a-nancy-2022
669,Drama,Sea of Love,6.8,1989,https://yts.mx/movies/sea-of-love-1989
670,Drama,The Rachel Papers,6.0,1989,https://yts.mx/movies/the-rachel-papers-1989
671,Drama,She Taught Love,5.2,2024,https://yts.mx/movies/she-taught-love-2024
672,Drama, Waiting for Heaven,6.6,2006,https://yts.mx/movies/waiting-for-heaven-2006
673,Drama, Letters to Santa 4,5.1,2021,https://yts.mx/movies/letters-to-santa-4-2021
674,Drama,Breathing In,5.5,2023,https://yts.mx/movies/breathing-in-2023
675,Drama,The Great Turkey Town Miracle,6.3,2023,https://yts.mx/movies/the-great-turkey-town-miracle-2023
676,Drama,Anne of Green Gables: Fire and Dew,6.6,2017,https://yts.mx/movies/anne-of-green-gables-fire-and-dew-2017
677,Drama,The Best Version of Love,5.9,2023,https://yts.mx/movies/the-best-version-of-love-2023
679,Drama, Infested,6.2,2023,https://yts.mx/movies/infested-2023
680,Biography,Daytime Revolution,7.0,2024,https://yts.mx/movies/daytime-revolution-2024
681,Biography, Bogota: City of the Lost,5.5,2024,https://yts.mx/movies/bogota-city-of-the-lost-2024
682,Biography,This Is 40,6.2,2012,https://yts.mx/movies/this-is-40-2012
683,Biography,Heavenly Bodies,5.3,1984,https://yts.mx/movies/heavenly-bodies-1984
684,Biography,Abundant Acreage Available,5.8,2017,https://yts.mx/movies/abundant-acreage-available-2017
685,Biography,Can You Feel the Beat: The Lisa Lisa Story,7.8,2025,https://yts.mx/movies/can-you-feel-the-beat-the-lisa-lisa-story-2025
687,Biography,Addiction by Subtraction,3.2,2016,https://yts.mx/movies/addiction-by-subtraction-2016
688,Biography,The Lost City of Z,6.6,2016,https://yts.mx/movies/the-lost-city-of-z-2016
689,Biography, The Calendar Killer,5.5,2024,https://yts.mx/movies/the-calendar-killer-2024
690,Biography,After Louie,6.0,2017,https://yts.mx/movies/after-louie-2017
691,Biography,Walt Disney Animation Studios Short Films Collection,7.6,2015,https://yts.mx/movies/walt-disney-animation-studios-short-films-collection-2015
692,Biography, Death Whisperer 2,7.1,2024,https://yts.mx/movies/death-whisperer-2-2024
693,Biography,I Am Alive: Surviving the Andes Plane Crash,8.3,2010,https://yts.mx/movies/i-am-alive-surviving-the-andes-plane-crash-2010
694,Biography, Gamera vs. Gyaos,5.1,1967,https://yts.mx/movies/gamera-vs-gyaos-1967
695,Biography, The Apartment with Two Women,6.6,2021,https://yts.mx/movies/the-apartment-with-two-women-2021
696,Biography, Pocket Hercules: Naim Süleymanoglu,8.2,2019,https://yts.mx/movies/pocket-hercules-naim-suleymanoglu-2019
697,Biography,Wish You Were Here,7.3,2025,https://yts.mx/movies/wish-you-were-here-2025
698,Biography,The Road to Guantanamo,7.4,2006,https://yts.mx/movies/the-road-to-guantanamo-2006
699,Biography,Bigga Than Ben,6.2,2008,https://yts.mx/movies/bigga-than-ben-2008
700,Adventure,The Tall Target,7.2,1951,https://yts.mx/movies/the-tall-target-1951
701,Adventure,Curse of Crom: The Legend of Halloween,5.6,2022,https://yts.mx/movies/curse-of-crom-the-legend-of-halloween-2022
702,Adventure,Lemonade Stand Romance,5.9,2022,https://yts.mx/movies/lemonade-stand-romance-2022
703,Adventure, Simon of the Desert,7.8,1965,https://yts.mx/movies/simon-of-the-desert-1965
704,Adventure,Christmas with the Carters,5.6,2022,https://yts.mx/movies/christmas-with-the-carters-2022
705,Adventure,Because We're Family,6.0,2022,https://yts.mx/movies/because-were-family-2022
706,Adventure,For the Love of Christmas,6.0,2022,https://yts.mx/movies/for-the-love-of-christmas-2022
707,Adventure,Barrio Boy,5.8,2022,https://yts.mx/movies/barrio-boy-2022
708,Adventure,Cat Daddies,7.2,2022,https://yts.mx/movies/cat-daddies-2022
709,Adventure,Blind Trust,6.7,2022,https://yts.mx/movies/blind-trust-2022
710,Adventure,Love's Secret Ingredient,5.3,2023,https://yts.mx/movies/loves-secret-ingredient-2023
711,Adventure, Para: dies,6.7,2022,https://yts.mx/movies/para-dies-2022
712,Adventure,Love Served Here,5.8,2023,https://yts.mx/movies/love-served-here-2023
713,Adventure,This Is the Tom Green Documentary,7.6,2025,https://yts.mx/movies/this-is-the-tom-green-documentary-2025
714,Adventure,May the Best Wedding Win,5.1,2023,https://yts.mx/movies/may-the-best-wedding-win-2023
715,Adventure,Love Marks the Spot,5.8,2023,https://yts.mx/movies/love-marks-the-spot-2023
716,Adventure,Bang the Drum Slowly,6.7,1973,https://yts.mx/movies/bang-the-drum-slowly-1973
717,Adventure,Love by Design,5.5,2023,https://yts.mx/movies/love-by-design-2023
718,Adventure,Congo,5.3,1995,https://yts.mx/movies/congo-1995
719,Adventure, The Proud Princess,7.6,2024,https://yts.mx/movies/the-proud-princess-2024
720,Action, Northern Comfort,5.5,2023,https://yts.mx/movies/northern-comfort-2023
721,Action, Ext. Masina. Noapte,5.5,2024,https://yts.mx/movies/ext-masina-noapte-2024
722,Action, Una vez más,5.8,2019,https://yts.mx/movies/una-vez-mas-2019
723,Action, The Russian Girl,5.2,2018,https://yts.mx/movies/the-russian-girl-2018
724,Action, Remember Us,5.6,2019,https://yts.mx/movies/remember-us-2019
725,Action,Rebellious,6.7,2024,https://yts.mx/movies/rebellious-2024
726,Action, Do You Remember Dolly Bell?,7.5,1981,https://yts.mx/movies/do-you-remember-dolly-bell-1981
727,Action, Age Of Monster,4.7,2015,https://yts.mx/movies/age-of-monster-2015
728,Action, Je l'aime à mentir,5.4,2021,https://yts.mx/movies/je-laime-a-mentir-2021
729,Action, Del Otro Lado Del Jardín,7.5,2024,https://yts.mx/movies/del-otro-lado-del-jardin-2024
730,Action,Boxed in 2,6.9,2023,https://yts.mx/movies/boxed-in-2-2023
731,Action,Houseboat,6.6,1958,https://yts.mx/movies/houseboat-1958
732,Action,Mister Sleep,4.9,2024,https://yts.mx/movies/mister-sleep-2024
733,Action,Deadzone,4.7,2024,https://yts.mx/movies/deadzone-2024
734,Action,Hold Your Breath,5.3,2024,https://yts.mx/movies/hold-your-breath-2024
735,Action, Joram,6.6,2023,https://yts.mx/movies/joram-2023
736,Action,The Bouncer,5.3,2024,https://yts.mx/movies/the-bouncer-2024
737,Action, Nahir,4.7,2024,https://yts.mx/movies/nahir-2024
739,Action,A European Christmas,4.7,2024,https://yts.mx/movies/a-european-christmas-2024
740,Romance,The Holiday Exchange,5.6,2024,https://yts.mx/movies/the-holiday-exchange-2024
741,Romance,I'm Thinking of Ending Things,6.5,2020,https://yts.mx/movies/im-thinking-of-ending-things-2020
742,Romance,Super Icyclone,4.9,2024,https://yts.mx/movies/super-icyclone-2024
743,Romance,Good Bad Things,8.2,2024,https://yts.mx/movies/good-bad-things-2024
744,Romance,Outlaw Posse,4.4,2024,https://yts.mx/movies/outlaw-posse-2024
745,Romance,Age of Kill,3.8,2015,https://yts.mx/movies/age-of-kill-2015
746,Romance,Unstoppable,6.8,2024,https://yts.mx/movies/unstoppable-2024
747,Romance,"Oh, Canada",5.7,2024,https://yts.mx/movies/oh-canada-2024
748,Romance,The 67th Annual Grammy Awards,5.7,2025,https://yts.mx/movies/the-67th-annual-grammy-awards-2025
749,Romance,Who's Watching Us,4.6,2024,https://yts.mx/movies/whos-watching-us-2024
750,Romance,Resistance: They Fought Back,8.5,2024,https://yts.mx/movies/resistance-they-fought-back-2024
751,Romance,Jackie Brown,7.5,1997,https://yts.mx/movies/jackie-brown-1997
752,Romance,Landlocked,6.7,2021,https://yts.mx/movies/landlocked-2021
753,Romance,Blood Star,5.8,2024,https://yts.mx/movies/blood-star-2024
754,Romance,Mountains,7.0,2023,https://yts.mx/movies/mountains-2023
755,Romance,Becoming Hitchcock: The Legacy of Blackmail,7.3,2024,https://yts.mx/movies/becoming-hitchcock-the-legacy-of-blackmail-2024
756,Romance, Abuzer Kadayif,5.4,2000,https://yts.mx/movies/abuzer-kadayif-2000
757,Romance, False as Water,6.1,1985,https://yts.mx/movies/false-as-water-1985
758,Romance,Shark Evil,5.0,2023,https://yts.mx/movies/shark-evil-2023
759,Romance,Death Toilet 5: Invasion of the Potty Snatchers,5.8,2023,https://yts.mx/movies/death-toilet-5-invasion-of-the-potty-snatchers-2023
760,Comedy,Garage Days,5.8,2002,https://yts.mx/movies/garage-days-2002
761,Comedy,Farce of the Penguins,4.0,2006,https://yts.mx/movies/farce-of-the-penguins-2006
762,Comedy,"Love, Kennedy",6.7,2017,https://yts.mx/movies/love-kennedy-2017
763,Comedy,Double Blended,8.4,2024,https://yts.mx/movies/double-blended-2024
764,Comedy,Mafia Wars,3.6,2024,https://yts.mx/movies/mafia-wars-2024
765,Comedy,Cherry Bomb,3.3,2024,https://yts.mx/movies/cherry-bomb-2024
766,Comedy,A Hundred Lies,6.9,2024,https://yts.mx/movies/a-hundred-lies-2024
767,Comedy,He Never Left,4.8,2023,https://yts.mx/movies/he-never-left-2023
768,Comedy,From Embers,4.9,2024,https://yts.mx/movies/from-embers-2024
769,Comedy,Bee Hive,5.7,2024,https://yts.mx/movies/bee-hive-2024
770,Comedy,Craig Ferguson: I'm So Happy,7.2,2024,https://yts.mx/movies/craig-ferguson-im-so-happy-2024
771,Comedy,April Fool's Day,6.1,1986,https://yts.mx/movies/april-fools-day-1986
772,Comedy,Homestead,5.6,2024,https://yts.mx/movies/homestead-2024
773,Comedy, On fait quoi maintenant?,4.8,2024,https://yts.mx/movies/on-fait-quoi-maintenant-2024
774,Comedy,Concussion,7.1,2015,https://yts.mx/movies/concussion-2015
775,Comedy,Dreamin' Wild,6.4,2022,https://yts.mx/movies/dreamin-wild-2022
776,Comedy,Walking with the Tall Whites,6.2,2020,https://yts.mx/movies/walking-with-the-tall-whites-2020
777,Comedy,The Fabulous Four,4.8,2024,https://yts.mx/movies/the-fabulous-four-2024
778,Comedy, Hamlet Goes Business,6.9,1987,https://yts.mx/movies/hamlet-goes-business-1987
779,Comedy,Weird Science,6.6,1985,https://yts.mx/movies/weird-science-1985
780,Action,Command Performance,5.5,2009,https://yts.mx/movies/command-performance-2009
783,Action,Beast of Burden,3.6,2018,https://yts.mx/movies/beast-of-burden-2018
784,Action,The Intruder,5.0,2024,https://yts.mx/movies/the-intruder-2024
785,Action,An Hour Behind,6.5,2017,https://yts.mx/movies/an-hour-behind-2017
786,Action,Al Madrigal: Shrimpin' Ain't Easy,7.4,2017,https://yts.mx/movies/al-madrigal-shrimpin-aint-easy-2017
787,Action,American Bandits: Frank and Jesse James,4.4,2010,https://yts.mx/movies/american-bandits-frank-and-jesse-james-2010
788,Action,Althea,7.3,2014,https://yts.mx/movies/althea-2014
789,Action, Night Call,7.1,2024,https://yts.mx/movies/night-call-2024
790,Action,American Graffiti,7.4,1973,https://yts.mx/movies/american-graffiti-1973
791,Action, Puterea Probabilitatii,7.4,2023,https://yts.mx/movies/puterea-probabilitatii-2023
792,Action,The Great Lillian Hall,7.4,2024,https://yts.mx/movies/the-great-lillian-hall-2024
793,Action,Omni Loop,5.5,2024,https://yts.mx/movies/omni-loop-2024
794,Action,10 Lives,5.9,2024,https://yts.mx/movies/10-lives-2024
795,Action,Den of Thieves 2: Pantera,6.5,2025,https://yts.mx/movies/den-of-thieves-2-pantera-2025
796,Action, Themroc,7.0,1973,https://yts.mx/movies/themroc-1973
797,Action, God Is Great and I'm Not,5.2,2001,https://yts.mx/movies/god-is-great-and-im-not-2001
798,Action,My Wacko Parents,6.0,2022,https://yts.mx/movies/my-wacko-parents-2022
799,Action,The Duel,4.4,2023,https://yts.mx/movies/the-duel-2023
800,Drama,The Outsider,6.8,1948,https://yts.mx/movies/the-outsider-1948
801,Drama,Paddington 2,7.8,2017,https://yts.mx/movies/paddington-2-2017
802,Drama,Cries from Syria,8.3,2017,https://yts.mx/movies/cries-from-syria-2017
803,Drama, Buffalo Kids,6.6,2024,https://yts.mx/movies/buffalo-kids-2024
804,Drama,A Real Pain,7.1,2024,https://yts.mx/movies/a-real-pain-2024
805,Drama,Dawn Chorus,5.8,2022,https://yts.mx/movies/dawn-chorus-2022
806,Drama,Sanctum,5.9,2011,https://yts.mx/movies/sanctum-2011
807,Drama,Sniper: The Last Stand,4.4,2025,https://yts.mx/movies/sniper-the-last-stand-2025
808,Drama,Dark Night of the Soul,6.8,2024,https://yts.mx/movies/dark-night-of-the-soul-2024
810,Drama,Shadow of the Eagle,6.2,1950,https://yts.mx/movies/shadow-of-the-eagle-1950
811,Drama,The Invisible Raptor,5.6,2023,https://yts.mx/movies/the-invisible-raptor-2023
812,Drama,Time Is My Enemy,6.3,1954,https://yts.mx/movies/time-is-my-enemy-1954
813,Drama,Into the Deep,3.3,2025,https://yts.mx/movies/into-the-deep-2025
814,Drama,Ladies & Gentlemen... 50 Years of SNL Music,8.8,2025,https://yts.mx/movies/ladies-gentlemen-50-years-of-snl-music-2025
815,Drama,Jim Gaffigan: King Baby,7.7,2009,https://yts.mx/movies/jim-gaffigan-king-baby-2009
816,Drama, Operation White Christmas,6.8,2023,https://yts.mx/movies/operation-white-christmas-2023
817,Drama,Monster on a Plane,3.4,2024,https://yts.mx/movies/monster-on-a-plane-2024
818,Drama,Sinatra Club,4.7,2010,https://yts.mx/movies/sinatra-club-2010
819,Drama,The Sacrifice Game,5.5,2023,https://yts.mx/movies/the-sacrifice-game-2023
820,Comedy,My Last Five Girlfriends,5.7,2009,https://yts.mx/movies/my-last-five-girlfriends-2009
821,Comedy,Weekend in Taipei,5.7,2024,https://yts.mx/movies/weekend-in-taipei-2024
822,Comedy,Non-Transferable,5.5,2017,https://yts.mx/movies/non-transferable-2017
823,Comedy,The Last Emperor,5.2,1986,https://yts.mx/movies/the-last-emperor-1986
824,Comedy,Ladies of Leisure,6.7,1930,https://yts.mx/movies/ladies-of-leisure-1930
825,Comedy,Juror #2,7.0,2024,https://yts.mx/movies/juror-2-2024
826,Comedy, Hantu Gunung Kawi,6.1,2017,https://yts.mx/movies/hantu-gunung-kawi-2017
827,Comedy, Barroz: Guardian of Treasures,3.9,2024,https://yts.mx/movies/barroz-guardian-of-treasures-2024
828,Comedy, Hantu Jeruk Purut Reborn,4.4,2017,https://yts.mx/movies/hantu-jeruk-purut-reborn-2017
829,Comedy,A Man Called Gannon,5.3,1968,https://yts.mx/movies/a-man-called-gannon-1968
830,Comedy,Brigham City,6.7,2001,https://yts.mx/movies/brigham-city-2001
831,Comedy,The Killing Jar,5.8,2010,https://yts.mx/movies/the-killing-jar-2010
832,Comedy,Get Fast,3.6,2024,https://yts.mx/movies/get-fast-2024
833,Comedy, Formed Police Unit,4.8,2024,https://yts.mx/movies/formed-police-unit-2024
834,Comedy,Demon Protocol,4.8,2018,https://yts.mx/movies/demon-protocol-2018
836,Comedy, II,6.2,2019,https://yts.mx/movies/ii-2019
837,Comedy,The Perfect Setting,7.3,2025,https://yts.mx/movies/the-perfect-setting-2025
838,Comedy,A Unicorn for Christmas,5.0,2021,https://yts.mx/movies/a-unicorn-for-christmas-2021
839,Comedy,A Year and Change,6.2,2015,https://yts.mx/movies/a-year-and-change-2015
840,Action,Richard Jewell,7.5,2019,https://yts.mx/movies/richard-jewell-2019
841,Action,Attrition,3.8,2018,https://yts.mx/movies/attrition-2018
842,Action,A Night Full of Rain,6.0,1978,https://yts.mx/movies/a-night-full-of-rain-1978
843,Action, Rifle Club,7.1,2024,https://yts.mx/movies/rifle-club-2024
844,Action,The Exploding Boy,7.1,2023,https://yts.mx/movies/the-exploding-boy-2023
845,Action, The Sand Castle,6.5,2024,https://yts.mx/movies/the-sand-castle-2024
846,Action,A Vineyard Christmas,5.3,2023,https://yts.mx/movies/a-vineyard-christmas-2023
847,Action,Ghost of New Orleans,5.0,2011,https://yts.mx/movies/ghost-of-new-orleans-2011
848,Action,"Jo Jo Dancer, Your Life Is Calling",6.3,1986,https://yts.mx/movies/jo-jo-dancer-your-life-is-calling-1986
849,Action,Reindeer Games,5.8,2000,https://yts.mx/movies/reindeer-games-2000
850,Action, Laaga Chunari Mein Daag: Journey of a Woman,5.4,2007,https://yts.mx/movies/laaga-chunari-mein-daag-journey-of-a-woman-2007
851,Action,Honor Student,7.0,2023,https://yts.mx/movies/honor-student-2023
852,Action,A True Christmas,5.5,2022,https://yts.mx/movies/a-true-christmas-2022
853,Action,Apocalypse Rising,4.1,2018,https://yts.mx/movies/apocalypse-rising-2018
854,Action,Money Monster,6.5,2016,https://yts.mx/movies/money-monster-2016
856,Action, The Vanishing Soldier,6.3,2023,https://yts.mx/movies/the-vanishing-soldier-2023
857,Action,"Angel, Angel, Down We Go",4.3,1969,https://yts.mx/movies/angel-angel-down-we-go-1969
858,Action,Another Soul,2.2,2018,https://yts.mx/movies/another-soul-2018
859,Action,Appointment with Crime,6.2,1946,https://yts.mx/movies/appointment-with-crime-1946
860,Comedy,Waterhole #3,6.1,1967,https://yts.mx/movies/waterhole-3-1967
861,Comedy,Deterrence,6.4,1999,https://yts.mx/movies/deterrence-1999
862,Comedy,The Hangman,6.6,1959,https://yts.mx/movies/the-hangman-1959
863,Comedy, Mission Mangal,6.5,2019,https://yts.mx/movies/mission-mangal-2019
864,Comedy, Sneekweek,4.6,2016,https://yts.mx/movies/sneekweek-2016
865,Comedy,Plan 9,4.0,2015,https://yts.mx/movies/plan-9-2015
866,Comedy,Curdled,5.9,1996,https://yts.mx/movies/curdled-1996
867,Comedy, Viduthalai Part 2,8.4,2024,https://yts.mx/movies/viduthalai-part-2-2024
868,Comedy,Minor Leaguer,5.5,2024,https://yts.mx/movies/minor-leaguer-2024
869,Comedy, Obsession: A Taste for Fear,4.9,1987,https://yts.mx/movies/obsession-a-taste-for-fear-1987
870,Comedy, Reunion 2: The Bachelor Party,4.3,2016,https://yts.mx/movies/reunion-2-the-bachelor-party-2016
871,Comedy,Keys to Tulsa,5.2,1997,https://yts.mx/movies/keys-to-tulsa-1997
872,Comedy,ThanksKilling 3,2.7,2012,https://yts.mx/movies/thankskilling-3-2012
873,Comedy,The Penalty,7.3,1920,https://yts.mx/movies/the-penalty-1920
874,Comedy, Dagger Eyes,5.6,1983,https://yts.mx/movies/dagger-eyes-1983
875,Comedy,Predator World,2.1,2017,https://yts.mx/movies/predator-world-2017
876,Comedy, Death of a Shadow,7.2,2012,https://yts.mx/movies/death-of-a-shadow-2012
877,Comedy, Reunion,5.1,2015,https://yts.mx/movies/reunion-2015
878,Comedy, Heavier Trip,6.0,2024,https://yts.mx/movies/heavier-trip-2024
879,Comedy, The Faithful Heart,7.4,1923,https://yts.mx/movies/the-faithful-heart-1923
880,Drama, Pity,6.7,2018,https://yts.mx/movies/pity-2018
881,Drama,Alex & Me,5.5,2018,https://yts.mx/movies/alex-me-2018
882,Drama,Alice in Wonderland,6.3,1933,https://yts.mx/movies/alice-in-wonderland-1933
883,Drama,"1,000 Convicts and a Woman",4.1,1971,https://yts.mx/movies/1000-convicts-and-a-woman-1971
884,Drama,The Secret Art of Human Flight,6.0,2023,https://yts.mx/movies/the-secret-art-of-human-flight-2023
885,Drama,Twin Peaks: The Missing Pieces,7.5,2014,https://yts.mx/movies/twin-peaks-the-missing-pieces-2014
886,Drama,Goldfish,6.9,2023,https://yts.mx/movies/goldfish-2023
887,Drama,Let's Go Luna!: Luna's Christmas Around the World,7.9,2018,https://yts.mx/movies/lets-go-luna-lunas-christmas-around-the-world-2018
888,Drama,Wit,8.0,2001,https://yts.mx/movies/wit-2001
889,Drama,A Nanny to Die For,3.5,2024,https://yts.mx/movies/a-nanny-to-die-for-2024
890,Drama, L'arche de Noé,5.9,2023,https://yts.mx/movies/larche-de-noe-2023
891,Drama,A Neighbor's Deception,5.2,2017,https://yts.mx/movies/a-neighbors-deception-2017
892,Drama,"Husband, Father, Killer: The Alyssa Pladl Story",6.8,2024,https://yts.mx/movies/husband-father-killer-the-alyssa-pladl-story-2024
893,Drama,Clear Cut,4.1,2024,https://yts.mx/movies/clear-cut-2024
895,Drama,My Argentine Heart,6.1,2025,https://yts.mx/movies/my-argentine-heart-2025
896,Drama,Harvard Man,4.8,2001,https://yts.mx/movies/harvard-man-2001
897,Drama,Back in Action,6.0,2025,https://yts.mx/movies/back-in-action-2025
898,Drama,Fatal Delusion,6.9,1995,https://yts.mx/movies/fatal-delusion-1995
899,Drama,Adventure Boyz,5.0,2019,https://yts.mx/movies/adventure-boyz-2019
900,Drama, The Room Next Door,7.0,2024,https://yts.mx/movies/the-room-next-door-2024
901,Drama,Lick,6.9,2024,https://yts.mx/movies/lick-2024
902,Drama, Niki,6.1,2024,https://yts.mx/movies/niki-2024
903,Drama,Ari Shaffir: America's Sweetheart,7.4,2025,https://yts.mx/movies/ari-shaffir-americas-sweetheart-2025
904,Drama,Alien: Rubicon,4.6,2024,https://yts.mx/movies/alien-rubicon-2024
905,Drama,Gabriel Iglesias: Legend of Fluffy,6.6,2025,https://yts.mx/movies/gabriel-iglesias-legend-of-fluffy-2-2025
906,Drama,Lizzie Lazarus,6.0,2024,https://yts.mx/movies/lizzie-lazarus-2024
908,Drama,The Bear Lake Murders,6.1,2025,https://yts.mx/movies/the-bear-lake-murders-2025
909,Drama, À l'ancienne,4.5,2024,https://yts.mx/movies/a-lancienne-2024
910,Drama,Out Come the Wolves,4.7,2024,https://yts.mx/movies/out-come-the-wolves-2024
911,Drama,"Love, Courage and the Battle of Bushy Run",6.1,2024,https://yts.mx/movies/love-courage-and-the-battle-of-bushy-run-2024
912,Drama, El 47,7.4,2024,https://yts.mx/movies/el-47-2024
914,Drama,The Red Kimono,6.5,1926,https://yts.mx/movies/the-red-kimono-1926
915,Drama,The Magician's Raincoat,6.8,2024,https://yts.mx/movies/the-magicians-raincoat-2024
916,Drama,A Strange Adventure,5.6,1956,https://yts.mx/movies/a-strange-adventure-1956
917,Drama,Above the Best,4.6,2019,https://yts.mx/movies/above-the-best-2019
918,Drama,Alarum,6.2,2025,https://yts.mx/movies/alarum-2025
919,Drama,Jimi Hendrix: Live at Woodstock,8.5,1999,https://yts.mx/movies/jimi-hendrix-live-at-woodstock-1999
920,Crime, Vai Gorilla,6.4,1975,https://yts.mx/movies/vai-gorilla-1975
921,Crime,"Paris, Texas",8.1,1984,https://yts.mx/movies/paris-texas-1984
922,Crime, The Battle Wizard,6.1,1977,https://yts.mx/movies/the-battle-wizard-1977
923,Crime,Earth Angel,5.5,1991,https://yts.mx/movies/earth-angel-1991
924,Crime,Diddy: Summit to Plummet,3.2,2024,https://yts.mx/movies/diddy-summit-to-plummet-2024
925,Crime,Under Western Stars,5.8,1938,https://yts.mx/movies/under-western-stars-1938
926,Crime, The Blind Christ,5.8,2016,https://yts.mx/movies/the-blind-christ-2016
927,Crime,Distant,5.7,2024,https://yts.mx/movies/distant-2024
928,Crime,Joshua,4.6,1976,https://yts.mx/movies/joshua-1976
929,Crime,The Epic Journey of Dwayne 'the Rock' Johnson,7.9,2012,https://yts.mx/movies/the-epic-journey-of-dwayne-the-rock-johnson-2012
930,Crime,Powder Pup,7.3,2024,https://yts.mx/movies/powder-pup-2024
931,Crime,Resynator,8.1,2024,https://yts.mx/movies/resynator-2024
932,Crime,The Other Side of the Mirror: Bob Dylan at the Newport Folk Festival,8.1,2007,https://yts.mx/movies/the-other-side-of-the-mirror-bob-dylan-at-the-newport-folk-festival-2007
933,Crime,Point Last Seen,5.9,1998,https://yts.mx/movies/point-last-seen-1998
934,Crime, Scalps,5.4,1987,https://yts.mx/movies/scalps-1987
935,Crime,You Light Up My Christmas,5.7,2019,https://yts.mx/movies/you-light-up-my-christmas-2019
936,Crime,Splashback,8.9,2023,https://yts.mx/movies/splashback-2023
937,Crime,The Christmas Carol,6.0,1949,https://yts.mx/movies/the-christmas-carol-1949
939,Crime,The Lady Refuses,5.9,1931,https://yts.mx/movies/the-lady-refuses-1931
940,Comedy,Walking and Talking,6.7,1996,https://yts.mx/movies/walking-and-talking-1996
941,Comedy,Tune into the Future,8.1,2020,https://yts.mx/movies/tune-into-the-future-2020
942,Comedy,Dismal,3.0,2009,https://yts.mx/movies/dismal-2009
943,Comedy,Band of Robbers,6.0,2015,https://yts.mx/movies/band-of-robbers-2015
944,Comedy,Pearl Jam Twenty,8.2,2011,https://yts.mx/movies/pearl-jam-twenty-2011
945,Comedy, You Ain't Seen Nothin' Yet,6.5,2012,https://yts.mx/movies/you-aint-seen-nothin-yet-2012
946,Comedy, The Quack,7.8,1982,https://yts.mx/movies/the-quack-1982
947,Comedy,Beaconsfield,6.8,2012,https://yts.mx/movies/beaconsfield-2012
948,Comedy,Hatari!,7.1,1962,https://yts.mx/movies/hatari-1962
949,Comedy,Love in the Great Smoky Mountains: A National Park Romance,5.5,2023,https://yts.mx/movies/love-in-the-great-smoky-mountains-a-national-park-romance-2023
950,Comedy,No Country for Old Men,8.2,2007,https://yts.mx/movies/no-country-for-old-men-2007
951,Comedy,El Greco,6.5,2007,https://yts.mx/movies/el-greco-2007
952,Comedy,How to Fall in Love by Christmas,5.9,2023,https://yts.mx/movies/how-to-fall-in-love-by-christmas-2023
953,Comedy, See You in Montevideo,8.1,2014,https://yts.mx/movies/see-you-in-montevideo-2014
954,Comedy,To Trap a Spy,6.0,1964,https://yts.mx/movies/to-trap-a-spy-1964
955,Comedy,Apartment Troubles,4.2,2014,https://yts.mx/movies/apartment-troubles-2014
956,Comedy,The Limit,4.5,2004,https://yts.mx/movies/the-limit-2004
957,Comedy,Rappin',4.3,1985,https://yts.mx/movies/rappin-1985
958,Comedy, Dead Man's Letters,7.5,1986,https://yts.mx/movies/dead-mans-letters-1986
959,Comedy, One Piece - Episode of East Blue: Luffy and His Four Friends' Great Adventure,7.2,2017,https://yts.mx/movies/one-piece-episode-of-east-blue-luffy-and-his-four-friends-great-adventure-2017
960,Action,The Outsiders,7.0,1983,https://yts.mx/movies/the-outsiders-1983
961,Action,In Her Likeness,6.2,2024,https://yts.mx/movies/in-her-likeness-2024
962,Action,Made for Each Other,4.3,2009,https://yts.mx/movies/made-for-each-other-2009
964,Action, Rock the Casbah,6.6,2012,https://yts.mx/movies/rock-the-casbah-2012
965,Action, Pepe,6.2,2024,https://yts.mx/movies/pepe-2024
966,Action,Undercover Christmas,6.4,2003,https://yts.mx/movies/undercover-christmas-2003
967,Action,Captain Nemo and the Underwater City,5.7,1969,https://yts.mx/movies/captain-nemo-and-the-underwater-city-1969
968,Action,Midas Man,6.4,2024,https://yts.mx/movies/midas-man-2024
969,Action,My Doctor's Secret Life,5.7,2023,https://yts.mx/movies/my-doctors-secret-life-2023
970,Action,Giantess Battle Attack,4.2,2022,https://yts.mx/movies/giantess-battle-attack-2022
971,Action,The Venice Murders,4.4,2023,https://yts.mx/movies/the-venice-murders-2023
972,Action, Live,6.0,2015,https://yts.mx/movies/live-2015
973,Action,Flock of Dudes,5.2,2016,https://yts.mx/movies/flock-of-dudes-2016
974,Action,Flower Shop Mystery: Snipped in the Bud,6.3,2016,https://yts.mx/movies/flower-shop-mystery-snipped-in-the-bud-2016
975,Action,"Carmilla, the Lesbian Vampire",1.6,2004,https://yts.mx/movies/carmilla-the-lesbian-vampire-2004
976,Action,Get Away,5.8,2024,https://yts.mx/movies/get-away-2024
977,Action,Dirigible,6.3,1931,https://yts.mx/movies/dirigible-1931
978,Action,Laws of Man,7.0,2024,https://yts.mx/movies/laws-of-man-2024
979,Action,A Country Christmas Story,6.3,2013,https://yts.mx/movies/a-country-christmas-story-2013
980,Drama,Noah's Ark,6.6,1928,https://yts.mx/movies/noahs-ark-1928
981,Drama,Plan B,6.1,2024,https://yts.mx/movies/plan-b-2024
982,Drama,The Amazing Mr Blunden,6.0,2021,https://yts.mx/movies/the-amazing-mr-blunden-2021
983,Drama,The Bad Guys: Haunted Heist,5.5,2024,https://yts.mx/movies/the-bad-guys-haunted-heist-2024
984,Drama,The Face on the Milk Carton,6.6,1995,https://yts.mx/movies/the-face-on-the-milk-carton-1995
985,Drama,Canvas,5.9,2021,https://yts.mx/movies/canvas-2021
986,Drama,The 9th Circle,5.3,2008,https://yts.mx/movies/the-9th-circle-2008
987,Drama, Too Beautiful for You,6.7,1989,https://yts.mx/movies/too-beautiful-for-you-1989
988,Drama, The Nameless,5.8,1999,https://yts.mx/movies/the-nameless-1999
989,Drama,On a Clear Day,6.9,2005,https://yts.mx/movies/on-a-clear-day-2005
990,Drama,Riddick,6.4,2013,https://yts.mx/movies/riddick-2013
991,Drama,A Kindhearted Christmas,6.1,2021,https://yts.mx/movies/a-kindhearted-christmas-2021
992,Drama, The Sabarmati Report,6.6,2024,https://yts.mx/movies/the-sabarmati-report-2024
993,Drama,The Linguini Incident,6.2,1991,https://yts.mx/movies/the-linguini-incident-1991
994,Drama,Stateside,5.8,2004,https://yts.mx/movies/stateside-2004
995,Drama,The Clinic,5.3,2010,https://yts.mx/movies/the-clinic-2010
996,Drama,Immortality,6.2,1998,https://yts.mx/movies/immortality-1998
997,Drama,Bank of Dave 2 : The Loan Ranger,6.9,2025,https://yts.mx/movies/bank-of-dave-2-the-loan-ranger-2025
998,Drama,Undertaking Betty,6.5,2002,https://yts.mx/movies/undertaking-betty-2002
999,Drama,Bill Maher: Is Anyone Else Seeing This?,6.8,2025,https://yts.mx/movies/bill-maher-is-anyone-else-seeing-this-2025
1000,Animation,Memoir of a Snail,7.8,2024,https://yts.mx/movies/memoir-of-a-snail-2024
1001,Animation,Wild West Days,6.5,1937,https://yts.mx/movies/wild-west-days-1937
1002,Animation,The Cardinal,5.9,1936,https://yts.mx/movies/the-cardinal-1936
1003,Animation,Nora Prentiss,7.1,1947,https://yts.mx/movies/nora-prentiss-1947
1004,Animation, With a Kiss I Die,4.5,2018,https://yts.mx/movies/with-a-kiss-i-die-2018
1005,Animation,White Lion,6.5,2010,https://yts.mx/movies/white-lion-2010
1006,Animation,2 aces and a dirty heart,4.6,2017,https://yts.mx/movies/2-aces-and-a-dirty-heart-2017
1007,Animation, Ata Demirer Gazinosu,7.6,2020,https://yts.mx/movies/ata-demirer-gazinosu-2020
1009,Animation, It Can Be Done Amigo,5.7,1972,https://yts.mx/movies/it-can-be-done-amigo-1972
1010,Animation,20 Funerals,4.2,2004,https://yts.mx/movies/20-funerals-2004
1011,Animation,When Justice Fails,4.6,1999,https://yts.mx/movies/when-justice-fails-1999
1012,Animation, Silent Trees,7.3,2024,https://yts.mx/movies/silent-trees-2024
1013,Animation,Girls' Night Out,4.1,2023,https://yts.mx/movies/girls-night-out-2023
1014,Animation,Mortuary of the Dead,2.1,1992,https://yts.mx/movies/mortuary-of-the-dead-1992
1015,Animation, 4 Dollars of Revenge,5.1,1966,https://yts.mx/movies/4-dollars-of-revenge-1966
1016,Animation,A Fine Step,5.3,2014,https://yts.mx/movies/a-fine-step-2014
1018,Animation, Avicii - My Last Show,7.3,2024,https://yts.mx/movies/avicii-my-last-show-2024
1019,Animation,Oxygen,6.0,1999,https://yts.mx/movies/oxygen-1999
