movie_category,movie_name,movie_rating,movie_release_year,movie_url
Music,Stand by for Action! Gerry Anderson in Concert,,2022,https://yts.mx/movies/stand-by-for-action-gerry-anderson-in-concert-2022
Music, Leyla ile Mecnun,4.4,1972,https://yts.mx/movies/leyla-ile-mecnun-1972
Music, Owls & Mice,6.1,2016,https://yts.mx/movies/owls-mice-2016
Music,Memes & Nightmares,,2024,https://yts.mx/movies/memes-nightmares-2024
Music,Dog Man,6.4,2025,https://yts.mx/movies/dog-man-2025
Music, Dominion of Darkness,6.5,2024,https://yts.mx/movies/dominion-of-darkness-2024
Music,Trolls Holiday,6.1,2017,https://yts.mx/movies/trolls-holiday-2017
Music,Wildcat,5.8,2023,https://yts.mx/movies/wildcat-2023
Music, The Jackpot!,6.2,1991,https://yts.mx/movies/the-jackpot-1991
Music,Stowaway,3.3,2022,https://yts.mx/movies/stowaway-2-2022
Music,The Day the Earth Blew Up: A Looney Tunes Movie,6.9,2024,https://yts.mx/movies/the-day-the-earth-blew-up-a-looney-tunes-movie-2024
Music, Bambi: A Tale of Life in the Woods,5.9,2024,https://yts.mx/movies/bambi-a-tale-of-life-in-the-woods-2024
Music, Captain Miller,6.5,2024,https://yts.mx/movies/captain-miller-2024
Music, Me he hecho viral,5.4,2023,https://yts.mx/movies/me-he-hecho-viral-2023
Music,Hashtag Luv Swag,5.2,2015,https://yts.mx/movies/hashtag-luv-swag-2015
Music,Salvation Street,3.7,2015,https://yts.mx/movies/salvation-street-2015
Music, Onyeegwu,3.2,2023,https://yts.mx/movies/onyeegwu-2023
Music,The Last Showgirl,6.7,2024,https://yts.mx/movies/the-last-showgirl-2024
Music,For the Love of Ruth,7.9,2015,https://yts.mx/movies/for-the-love-of-ruth-2015
Music,Last County,5.7,2023,https://yts.mx/movies/last-county-2023
Adventure, Bambi: A Tale of Life in the Woods,5.9,2024,https://yts.mx/movies/bambi-a-tale-of-life-in-the-woods-2024
Adventure, Captain Miller,6.5,2024,https://yts.mx/movies/captain-miller-2024
Adventure, Me he hecho viral,5.4,2023,https://yts.mx/movies/me-he-hecho-viral-2023
Adventure,Hashtag Luv Swag,5.2,2015,https://yts.mx/movies/hashtag-luv-swag-2015
Adventure,Salvation Street,3.7,2015,https://yts.mx/movies/salvation-street-2015
Adventure, Onyeegwu,3.2,2023,https://yts.mx/movies/onyeegwu-2023
Adventure,The Last Showgirl,6.7,2024,https://yts.mx/movies/the-last-showgirl-2024
Adventure,For the Love of Ruth,7.9,2015,https://yts.mx/movies/for-the-love-of-ruth-2015
Adventure,Last County,5.7,2023,https://yts.mx/movies/last-county-2023
Adventure,Game Face,6.6,2015,https://yts.mx/movies/game-face-2015
Adventure,Harry Price: Ghost Hunter,6.7,2015,https://yts.mx/movies/harry-price-ghost-hunter-2015
Adventure,Girlfriends Getaway 2,6.5,2015,https://yts.mx/movies/girlfriends-getaway-2-2015
Adventure,Forgiveness,5.9,2015,https://yts.mx/movies/forgiveness-2015
Adventure,Never Love a Stranger,5.4,1958,https://yts.mx/movies/never-love-a-stranger-1958
Adventure,The Brutalist,7.9,2024,https://yts.mx/movies/the-brutalist-2024
Adventure, Bleach the Movie: Hell Verse,7.3,2010,https://yts.mx/movies/bleach-the-movie-hell-verse-2010
Adventure,The Joy of Logic,7.2,2013,https://yts.mx/movies/the-joy-of-logic-2013
Adventure,Love Me,5.7,2024,https://yts.mx/movies/love-me-2024
Adventure,Super Duper Alice Cooper,7.3,2014,https://yts.mx/movies/super-duper-alice-cooper-2014
Adventure, A Wife Confesses,7.5,1961,https://yts.mx/movies/a-wife-confesses-1961
Action, Tiger 3,5.7,2023,https://yts.mx/movies/tiger-3-2023
Action,Companion,7.3,2025,https://yts.mx/movies/companion-2025
Action, The Stone Eater,5.4,2018,https://yts.mx/movies/the-stone-eater-2018
Action, The Hitler Chronicles: Part1 1889-1929,7.2,2018,https://yts.mx/movies/the-hitler-chronicles-part1-1889-1929-2018
Action,Drained,7.2,2024,https://yts.mx/movies/drained-2024
Action,Functional Fitness,4.9,2016,https://yts.mx/movies/functional-fitness-2016
Action,Katie's Mom,5.4,2023,https://yts.mx/movies/katies-mom-2023
Action,Shattered,5.2,2017,https://yts.mx/movies/shattered-2017
Action,Gunner,3.2,2024,https://yts.mx/movies/gunner-2024
Action, Abashiri bangaichi: Dai setsugen no taiketsu,6.5,1966,https://yts.mx/movies/abashiri-bangaichi-dai-setsugen-no-taiketsu-1966
Action,Deep Murder,4.1,2019,https://yts.mx/movies/deep-murder-2019
Action, Ranmaru: Kamino shita wo motsu otoko,5.3,2016,https://yts.mx/movies/ranmaru-kamino-shita-wo-motsu-otoko-2016
Action, Landesverräter,6.0,2024,https://yts.mx/movies/landesverrater-2024
Action,Dead Money,5.9,2024,https://yts.mx/movies/dead-money-2024
Action,Home: For the Holidays,4.7,2017,https://yts.mx/movies/home-for-the-holidays-2017
Action, The Monk and the Gun,7.2,2023,https://yts.mx/movies/the-monk-and-the-gun-2023
Action,George Lopez: Muy Católico,,2025,https://yts.mx/movies/george-lopez-muy-catolico-2025
Action,Popeye's Revenge,,2025,https://yts.mx/movies/popeyes-revenge-2025
Action,The Christmas Spirit,4.9,2023,https://yts.mx/movies/the-christmas-spirit-2023
Action,More Than Friends,6.7,2016,https://yts.mx/movies/more-than-friends-2016
Crime, Beating Hearts,7.3,2024,https://yts.mx/movies/beating-hearts-2024
Crime,Juno and the Paycock,4.6,1930,https://yts.mx/movies/juno-and-the-paycock-1930
Crime,Second Sight,6.8,2016,https://yts.mx/movies/second-sight-2016
Crime,The Secret She Kept,6.2,2016,https://yts.mx/movies/the-secret-she-kept-2016
Crime,Paddington in Peru,6.8,2024,https://yts.mx/movies/paddington-in-peru-2024
Crime,Out of Darkness,8.8,2016,https://yts.mx/movies/out-of-darkness-2016
Crime,Caligula: The Ultimate Cut,6.4,2023,https://yts.mx/movies/caligula-the-ultimate-cut-2023
Crime,Seed: The Untold Story,7.7,2016,https://yts.mx/movies/seed-the-untold-story-2016
Crime,Stolen Virginity,3.0,2016,https://yts.mx/movies/stolen-virginity-2016
Crime,No Regrets,5.6,2016,https://yts.mx/movies/no-regrets-2016
Crime,How to Build a Human,7.8,2016,https://yts.mx/movies/how-to-build-a-human-2016
Crime,Halloweed,3.6,2016,https://yts.mx/movies/halloweed-2016
Crime,Love and Deceit,6.4,2016,https://yts.mx/movies/love-and-deceit-2016
Crime,My Art,4.3,2016,https://yts.mx/movies/my-art-2016
Crime,Fashionista,5.4,2016,https://yts.mx/movies/fashionista-2016
Crime,We Beat the Dream Team,7.0,2025,https://yts.mx/movies/we-beat-the-dream-team-2025
Crime,Rosebud Baker: The Mother Lode,,2025,https://yts.mx/movies/rosebud-baker-the-mother-lode-2025
Crime, Seeing the Beginning of Time,7.3,2017,https://yts.mx/movies/seeing-the-beginning-of-time-2017
Crime, Bleach: Memories of Nobody,7.1,2006,https://yts.mx/movies/bleach-memories-of-nobody-2006
Crime,The Deadly Companions,6.1,1961,https://yts.mx/movies/the-deadly-companions-1961
Action,Troma's War,5.5,1988,https://yts.mx/movies/tromas-war-1988
Action, The Mehta Boys,7.3,2024,https://yts.mx/movies/the-mehta-boys-2024
Action,SNL50: The Anniversary Special,8.2,2025,https://yts.mx/movies/snl50-the-anniversary-special-2025
Action, Parthenope,6.8,2024,https://yts.mx/movies/parthenope-2024
Action,The Terrornauts,4.8,1967,https://yts.mx/movies/the-terrornauts-1967
Action,Courting a Killer,5.1,2013,https://yts.mx/movies/courting-a-killer-2013
Action, Domnul de la curte,6.0,2014,https://yts.mx/movies/domnul-de-la-curte-2014
Action,Mufasa: The Lion King,6.7,2024,https://yts.mx/movies/mufasa-the-lion-king-2024
Action,The Ceremony Is About to Begin,5.7,2024,https://yts.mx/movies/the-ceremony-is-about-to-begin-2024
Action,September 5,7.1,2024,https://yts.mx/movies/september-5-2024
Action,The Order,6.8,2024,https://yts.mx/movies/the-order-2024
Action, Kayla's Kin,,2024,https://yts.mx/movies/kaylas-kin-2024
Action,Murderous Intentions,,2024,https://yts.mx/movies/murderous-intentions-2024
Action,Halloween Candy,,2025,https://yts.mx/movies/halloween-candy-2025
Action, Hashtag Tadev lagnam,8.1,2024,https://yts.mx/movies/hashtag-tadev-lagnam-2024
Action,Common Sense,,2024,https://yts.mx/movies/common-sense-2024
Action, Bardovi,7.8,2024,https://yts.mx/movies/bardovi-2024
Action, Way Home,6.9,2024,https://yts.mx/movies/way-home-2024
Action,A Trip Elsewhere,8.1,2024,https://yts.mx/movies/a-trip-elsewhere-2024
Action,Hobby Hustle,,2025,https://yts.mx/movies/hobby-hustle-2025
Drama,Born Bad,4.4,2011,https://yts.mx/movies/born-bad-2011
Drama,Return to Office,7.3,2025,https://yts.mx/movies/return-to-office-2025
Drama,Spider-Man 2,7.5,2004,https://yts.mx/movies/spider-man-2-2004
Drama, Ils sont fous ces sorciers,4.3,1978,https://yts.mx/movies/ils-sont-fous-ces-sorciers-1978
Drama,Prism,5.6,2017,https://yts.mx/movies/prism-2017
Drama, Partly Cloudy with Sunny Spells,5.3,2015,https://yts.mx/movies/partly-cloudy-with-sunny-spells-2015
Drama,Tooth Fairy Queen of Pain,3.0,2022,https://yts.mx/movies/tooth-fairy-queen-of-pain-2022
Drama, An Abandoned Team,7.5,2024,https://yts.mx/movies/an-abandoned-team-2024
Drama, All Is Well,6.4,2018,https://yts.mx/movies/all-is-well-2018
Drama,Outside the Law,6.3,1956,https://yts.mx/movies/outside-the-law-1956
Drama,Jaws vs. the Blob,5.9,2022,https://yts.mx/movies/jaws-vs-the-blob-2022
Drama,The Drop Spot,5.3,2022,https://yts.mx/movies/the-drop-spot-2022
Drama, Mother Schmuckers,4.9,2021,https://yts.mx/movies/mother-schmuckers-2021
Drama,The Love We Had,5.5,2022,https://yts.mx/movies/the-love-we-had-2022
Drama,The Foreign Exchange Student 2: The Hunt,2.7,2022,https://yts.mx/movies/the-foreign-exchange-student-2-the-hunt-2022
Drama,The Ring Widow,7.4,2022,https://yts.mx/movies/the-ring-widow-2022
Drama,Hunt Vs Lauda: The Next Generation,6.3,2022,https://yts.mx/movies/hunt-vs-lauda-the-next-generation-2022
Drama,The Gorge,,2025,https://yts.mx/movies/the-gorge-2025
Drama,Love and the Radio Star,5.9,2022,https://yts.mx/movies/love-and-the-radio-star-2022
Drama,Jack & Jill: The Hills of Hell,2.9,2022,https://yts.mx/movies/jack-jill-the-hills-of-hell-2022
Horror,Jack & Jill: The Hills of Hell,2.9,2022,https://yts.mx/movies/jack-jill-the-hills-of-hell-2022
Horror,Boxed In,6.0,2022,https://yts.mx/movies/boxed-in-2022
Horror,County Line: No Fear,6.7,2022,https://yts.mx/movies/county-line-no-fear-2022
Horror,The Higher Spirit,7.7,2022,https://yts.mx/movies/the-higher-spirit-2022
Horror, Dil Chahta Hai,8.0,2001,https://yts.mx/movies/dil-chahta-hai-2001
Horror,The Lord of the Rings: The War of the Rohirrim,6.3,2024,https://yts.mx/movies/the-lord-of-the-rings-the-war-of-the-rohirrim-2024
Horror,SNL50: The Homecoming Concert,8.4,2025,https://yts.mx/movies/snl50-the-homecoming-concert-2025
Horror, Undercover,7.3,2024,https://yts.mx/movies/undercover-2024
Horror,When Love Kills: The Falicia Blakely Story,6.8,2017,https://yts.mx/movies/when-love-kills-the-falicia-blakely-story-2017
Horror, Casatoria,7.3,2024,https://yts.mx/movies/casatoria-2024
Horror,The Bill Murray Experience,4.8,2017,https://yts.mx/movies/the-bill-murray-experience-2017
Horror, Fashion,6.9,2008,https://yts.mx/movies/fashion-2008
Horror,Emmanuelle,4.2,2024,https://yts.mx/movies/emmanuelle-2024
Horror,UFO CHRONICLES: The Shadow World,4.2,2017,https://yts.mx/movies/ufo-chronicles-the-shadow-world-2017
Horror,Flight Risk,5.5,2025,https://yts.mx/movies/flight-risk-2025
Horror,Motherland,7.1,2017,https://yts.mx/movies/motherland-2017
Horror,Tombstone-Rashomon,4.1,2017,https://yts.mx/movies/tombstone-rashomon-2017
Horror,Space Guardians,4.4,2017,https://yts.mx/movies/space-guardians-2017
Horror, Broken Rage,7.6,2024,https://yts.mx/movies/broken-rage-2024
Horror,Lifeguard,6.6,1976,https://yts.mx/movies/lifeguard-1976
Drama,Broken Memories,6.6,2017,https://yts.mx/movies/broken-memories-2017
Drama,The Witcher: Sirens of the Deep,6.1,2025,https://yts.mx/movies/the-witcher-sirens-of-the-deep-2025
Drama,A Chance in the World,6.6,2017,https://yts.mx/movies/a-chance-in-the-world-2017
Drama,Falling in Love Again,5.9,2018,https://yts.mx/movies/falling-in-love-again-2018
Drama, Diga Meu Nome,7.2,2020,https://yts.mx/movies/diga-meu-nome-2020
Drama,Bobbi Kristina,5.5,2017,https://yts.mx/movies/bobbi-kristina-2017
Drama,Cardinals,5.6,2017,https://yts.mx/movies/cardinals-2017
Drama,The Perfect Prayer: A Faith Based Film,1.9,2018,https://yts.mx/movies/the-perfect-prayer-a-faith-based-film-2018
Drama,Downsized,6.0,2017,https://yts.mx/movies/downsized-2017
Drama,Azzu & Gazzu: International Super Detectives,5.9,2018,https://yts.mx/movies/azzu-gazzu-international-super-detectives-2018
Drama, The Sheriff and the Satellite Kid,6.1,1979,https://yts.mx/movies/the-sheriff-and-the-satellite-kid-1979
Drama,Created Equal,5.7,2017,https://yts.mx/movies/created-equal-2017
Drama,In Emma's Footsteps,7.1,2018,https://yts.mx/movies/in-emmas-footsteps-2018
Drama,You People,6.6,2018,https://yts.mx/movies/you-people-2018
Drama,Evilenko,6.2,2003,https://yts.mx/movies/evilenko-2003
Drama,Sly Lives!,,2025,https://yts.mx/movies/sly-lives-2025
Drama,The Neighborhood Nightmare,4.5,2018,https://yts.mx/movies/the-neighborhood-nightmare-2018
Drama,"Cassandro, The Exotico!",6.5,2018,https://yts.mx/movies/cassandro-the-exotico-2018
Drama, Hilde,6.7,2009,https://yts.mx/movies/hilde-2009
Drama,Maternal Secrets,4.4,2018,https://yts.mx/movies/maternal-secrets-2018
Documentary,The Coddling of the American Mind,8.4,2023,https://yts.mx/movies/the-coddling-of-the-american-mind-2023
Documentary,Dirty Cops L.A.,6.4,2021,https://yts.mx/movies/dirty-cops-l-a-2021
Documentary,Last Night on Earth,5.2,2024,https://yts.mx/movies/last-night-on-earth-2024
Documentary,Snow White and the Seven Samurai,3.3,2024,https://yts.mx/movies/snow-white-and-the-seven-samurai-2024
Documentary, A Hero of Our Time,6.5,2023,https://yts.mx/movies/a-hero-of-our-time-2023
Documentary,Night of the Dead Sorority Babes,,2025,https://yts.mx/movies/night-of-the-dead-sorority-babes-2025
Documentary,Haywire: Gunslingers,,2024,https://yts.mx/movies/haywire-gunslingers-2024
Documentary, Hollywoodgate,7.0,2023,https://yts.mx/movies/hollywoodgate-2023
Documentary, The Most Beautiful Girl in the World,,2025,https://yts.mx/movies/the-most-beautiful-girl-in-the-world-2025
Documentary, Love Forever,,2025,https://yts.mx/movies/love-forever-2025
Documentary, Adrushya,6.8,2022,https://yts.mx/movies/adrushya-2022
Documentary, The Garden of the Finzi-Continis,,2025,https://yts.mx/movies/the-garden-of-the-finzi-continis-2025
Documentary, Dhoom Dhaam,,2025,https://yts.mx/movies/dhoom-dhaam-2025
Documentary, Umjolo: There Is No Cure,,2025,https://yts.mx/movies/umjolo-there-is-no-cure-2025
Documentary,Puppy Bowl XXI,8.7,2025,https://yts.mx/movies/puppy-bowl-xxi-2025
Documentary,Catfish Killer,4.7,2022,https://yts.mx/movies/catfish-killer-2022
Documentary, Výjimecný stav,5.8,2024,https://yts.mx/movies/vyjimecny-stav-2024
Documentary,"O.J. Simpson: Blood, Lies & Murder",7.3,2023,https://yts.mx/movies/o-j-simpson-blood-lies-murder-2023
Documentary,Romeo + Isabella,5.3,2023,https://yts.mx/movies/romeo-isabella-2023
Documentary,Hard Truths,7.5,2024,https://yts.mx/movies/hard-truths-2024
Drama,South Central Love,8.3,2019,https://yts.mx/movies/south-central-love-2019
Drama,Bathroom Stalls & Parking Lots,5.5,2019,https://yts.mx/movies/bathroom-stalls-parking-lots-2019
Drama, Sleep of the Crow,6.0,2023,https://yts.mx/movies/sleep-of-the-crow-2023
Drama,Drag Kids,5.1,2019,https://yts.mx/movies/drag-kids-2019
Drama,From Zero to I Love You,6.2,2019,https://yts.mx/movies/from-zero-to-i-love-you-2019
Drama, KM17,4.5,2024,https://yts.mx/movies/km17-2024
Drama,Dear Frank,6.6,2019,https://yts.mx/movies/dear-frank-2019
Drama,Disfluency,8.6,2021,https://yts.mx/movies/disfluency-2021
Drama,Trust in Love,7.9,2024,https://yts.mx/movies/trust-in-love-2024
Drama,La Dolce Villa,,2025,https://yts.mx/movies/la-dolce-villa-2025
Drama,Christmas Cowboy,7.6,2024,https://yts.mx/movies/christmas-cowboy-2024
Drama,Nickel Boys,7.4,2024,https://yts.mx/movies/nickel-boys-2024
Drama,The Holiday Club,6.7,2024,https://yts.mx/movies/the-holiday-club-2024
Drama, Bomber,6.2,1982,https://yts.mx/movies/bomber-1982
Drama, The Lion Kid,6.0,2019,https://yts.mx/movies/the-lion-kid-2019
Drama,Feather Friends,2.5,2019,https://yts.mx/movies/feather-friends-2019
Drama,Lil' Monsters,5.5,2019,https://yts.mx/movies/lil-monsters-2019
Drama, Un week-end sur deux,5.7,1990,https://yts.mx/movies/un-week-end-sur-deux-1990
Drama,Groundhog Dave 2,5.8,2020,https://yts.mx/movies/groundhog-dave-2-2020
Drama,A Nymphoid Barbarian in Dinosaur Hell,2.7,1990,https://yts.mx/movies/a-nymphoid-barbarian-in-dinosaur-hell-1990
Thriller, Beshenstvo,6.1,2023,https://yts.mx/movies/beshenstvo-2023
Thriller,In Transit,8.3,2020,https://yts.mx/movies/in-transit-2020
Thriller,My Darling Vivian,7.5,2020,https://yts.mx/movies/my-darling-vivian-2020
Thriller,Flint,7.5,2020,https://yts.mx/movies/flint-2020
Thriller,The Bad Shepherd,4.4,2024,https://yts.mx/movies/the-bad-shepherd-2024
Thriller,Better Man,7.7,2024,https://yts.mx/movies/better-man-2024
Thriller,Birthmarked,5.7,2018,https://yts.mx/movies/birthmarked-2018
Thriller,Coins for Love,8.2,2020,https://yts.mx/movies/coins-for-love-2020
Thriller,Bakerz Union,5.7,2020,https://yts.mx/movies/bakerz-union-2020
Thriller, Honeymoon Crasher,,2025,https://yts.mx/movies/honeymoon-crasher-2025
Thriller, Death Before the Wedding,,2025,https://yts.mx/movies/death-before-the-wedding-2025
Thriller,The Five Pennies,7.1,1959,https://yts.mx/movies/the-five-pennies-1959
Thriller,Malicious,5.1,1995,https://yts.mx/movies/malicious-1995
Thriller, Kadhalikka Neramillai,6.7,2025,https://yts.mx/movies/kadhalikka-neramillai-2025
Thriller,Best Friends,5.1,1975,https://yts.mx/movies/best-friends-1975
Thriller, Night Courier,7.5,2023,https://yts.mx/movies/night-courier-2023
Thriller, El nino,6.4,2014,https://yts.mx/movies/el-nino-2014
Thriller, The Mountain,6.1,2022,https://yts.mx/movies/the-mountain-2022
Thriller, Una jirafa en el balcón,5.4,2024,https://yts.mx/movies/una-jirafa-en-el-balcon-2024
Thriller,Too Funny to Fail: The Life & Death of The Dana Carvey Show,7.7,2017,https://yts.mx/movies/too-funny-to-fail-the-life-death-of-the-dana-carvey-show-2017
Drama,Mahogany,9.6,2022,https://yts.mx/movies/mahogany-2022
Drama,Freelance,6.4,2024,https://yts.mx/movies/freelance-2024
Drama,On Her Majesty's Secret Service,6.7,1969,https://yts.mx/movies/on-her-majestys-secret-service-1969
Drama,Crimes of the Heart,6.3,1986,https://yts.mx/movies/crimes-of-the-heart-1986
Drama,Vixen!,5.6,1968,https://yts.mx/movies/vixen-1968
Drama,Sick,6.0,2022,https://yts.mx/movies/sick-2022
Drama,Fatal Contact: Bird Flu in America,4.9,2006,https://yts.mx/movies/fatal-contact-bird-flu-in-america-2006
Drama,Art and Pep,8.1,2022,https://yts.mx/movies/art-and-pep-2022
Drama,Asteroid vs Earth,2.8,2014,https://yts.mx/movies/asteroid-vs-earth-2014
Drama,Day of the Fight,7.0,2023,https://yts.mx/movies/day-of-the-fight-2023
Drama,Ardennes Fury,2.3,2014,https://yts.mx/movies/ardennes-fury-2014
Drama,Anneliese: The Exorcist Tapes,2.7,2011,https://yts.mx/movies/anneliese-the-exorcist-tapes-2011
Drama,Reality Bites: A Hannah Swensen Mystery,6.6,2025,https://yts.mx/movies/reality-bites-a-hannah-swensen-mystery-2025
Drama, Si elle dit oui... je ne dis pas non,4.7,1983,https://yts.mx/movies/si-elle-dit-oui-je-ne-dis-pas-non-1983
Drama, For Night Will Come,5.8,2023,https://yts.mx/movies/for-night-will-come-2023
Drama,Street Punx,,2024,https://yts.mx/movies/street-punx-2024
Drama,Deciphering the Zodiac Killer,7.2,2023,https://yts.mx/movies/deciphering-the-zodiac-killer-2023
Drama,Heart of the Manor,5.7,2021,https://yts.mx/movies/heart-of-the-manor-2021
Drama, Malu de Bicicleta,6.3,2010,https://yts.mx/movies/malu-de-bicicleta-2010
Drama,Handshake,7.3,2021,https://yts.mx/movies/handshake-2021
Action,Lego Marvel Avengers: Mission Demolition,6.3,2024,https://yts.mx/movies/lego-marvel-avengers-mission-demolition-2024
Action,Amphibious Creature of the Deep,3.4,2010,https://yts.mx/movies/amphibious-creature-of-the-deep-2010
Action, Death Whisperer,5.8,2023,https://yts.mx/movies/death-whisperer-2023
Action, Bloody Mallory,4.4,2002,https://yts.mx/movies/bloody-mallory-2002
Action,Supervixens,5.9,1975,https://yts.mx/movies/supervixens-1975
Action,Apple Music Live: Camila Cabello,5.1,2024,https://yts.mx/movies/apple-music-live-camila-cabello-2024
Action,The Graduates,6.9,2023,https://yts.mx/movies/the-graduates-2023
Action,Melanie's Grave,6.2,2024,https://yts.mx/movies/melanies-grave-2024
Action,The Last Video Store,4.4,2023,https://yts.mx/movies/the-last-video-store-2023
Action,Clueless,6.9,1995,https://yts.mx/movies/clueless-1995
Action,The Lost Patrol,6.8,1934,https://yts.mx/movies/the-lost-patrol-1934
Action,Child Star,6.6,2024,https://yts.mx/movies/child-star-2024
Action, With You in the Future,,2025,https://yts.mx/movies/with-you-in-the-future-2025
Action, Deux femmes,6.6,2022,https://yts.mx/movies/deux-femmes-2022
Action,Meurtres à Nancy,6.7,2022,https://yts.mx/movies/meurtres-a-nancy-2022
Action,Sea of Love,6.8,1989,https://yts.mx/movies/sea-of-love-1989
Action,The Rachel Papers,6.0,1989,https://yts.mx/movies/the-rachel-papers-1989
Action,She Taught Love,5.2,2024,https://yts.mx/movies/she-taught-love-2024
Action, Waiting for Heaven,6.6,2006,https://yts.mx/movies/waiting-for-heaven-2006
Action, Letters to Santa 4,5.1,2021,https://yts.mx/movies/letters-to-santa-4-2021
Drama,Pastor Thorne 2: Sins of the Father,5.1,2023,https://yts.mx/movies/pastor-thorne-2-sins-of-the-father-2023
Drama,Street Logic,7.7,2023,https://yts.mx/movies/street-logic-2023
Drama,Then There Was You,6.8,2023,https://yts.mx/movies/then-there-was-you-2023
Drama,Shoulder Dance,6.6,2023,https://yts.mx/movies/shoulder-dance-2023
Drama, Prison in the Andes,6.6,2023,https://yts.mx/movies/prison-in-the-andes-2023
Drama,Mile 19,5.4,2022,https://yts.mx/movies/mile-19-2022
Drama,Disco's Revenge,8.2,2024,https://yts.mx/movies/discos-revenge-2024
Drama, Black Dog,7.2,2024,https://yts.mx/movies/black-dog-2024
Drama, Hugot,4.9,2023,https://yts.mx/movies/hugot-2023
Drama,Kevin James Thornton: Be Yourself,6.7,2023,https://yts.mx/movies/kevin-james-thornton-be-yourself-2023
Drama,Black Diamond,6.3,2025,https://yts.mx/movies/black-diamond-2025
Drama,Daytime Revolution,7.0,2024,https://yts.mx/movies/daytime-revolution-2024
Drama, Bogota: City of the Lost,5.5,2024,https://yts.mx/movies/bogota-city-of-the-lost-2024
Drama,This Is 40,6.2,2012,https://yts.mx/movies/this-is-40-2012
Drama,Heavenly Bodies,5.3,1984,https://yts.mx/movies/heavenly-bodies-1984
Drama,Abundant Acreage Available,5.8,2017,https://yts.mx/movies/abundant-acreage-available-2017
Drama,Can You Feel the Beat: The Lisa Lisa Story,7.8,2025,https://yts.mx/movies/can-you-feel-the-beat-the-lisa-lisa-story-2025
Drama,And They Named Her Love,,2024,https://yts.mx/movies/and-they-named-her-love-2024
Drama,Addiction by Subtraction,3.2,2016,https://yts.mx/movies/addiction-by-subtraction-2016
Drama,The Lost City of Z,6.6,2016,https://yts.mx/movies/the-lost-city-of-z-2016
Action, Knock-Out Cop,6.2,1978,https://yts.mx/movies/knock-out-cop-1978
Action,V/H/S/Beyond,5.9,2024,https://yts.mx/movies/vhsbeyond-2024
Action, The Kreutzer Sonata,6.1,1956,https://yts.mx/movies/the-kreutzer-sonata-1956
Action,Heroes Don't Wear Capes,,2019,https://yts.mx/movies/heroes-dont-wear-capes-2019
Action, The Waiting Room,6.3,2003,https://yts.mx/movies/the-waiting-room-2003
Action, Death Without Mercy,8.1,2024,https://yts.mx/movies/death-without-mercy-2024
Action, Sumala,6.1,2024,https://yts.mx/movies/sumala-2024
Action, Undercover Party Crasher,4.8,2025,https://yts.mx/movies/undercover-party-crasher-2025
Action,Forever Female,6.5,1953,https://yts.mx/movies/forever-female-1953
Action,Winchester '73,7.6,1950,https://yts.mx/movies/winchester-73-1950
Action,Meet You in Scotland,5.4,2023,https://yts.mx/movies/meet-you-in-scotland-2023
Action,The Tall Target,7.2,1951,https://yts.mx/movies/the-tall-target-1951
Action,Curse of Crom: The Legend of Halloween,5.6,2022,https://yts.mx/movies/curse-of-crom-the-legend-of-halloween-2022
Action,Lemonade Stand Romance,5.9,2022,https://yts.mx/movies/lemonade-stand-romance-2022
Action, Simon of the Desert,7.8,1965,https://yts.mx/movies/simon-of-the-desert-1965
Action,Christmas with the Carters,5.6,2022,https://yts.mx/movies/christmas-with-the-carters-2022
Action,Because We're Family,6.0,2022,https://yts.mx/movies/because-were-family-2022
Action,For the Love of Christmas,6.0,2022,https://yts.mx/movies/for-the-love-of-christmas-2022
Action,Barrio Boy,5.8,2022,https://yts.mx/movies/barrio-boy-2022
Action,Cat Daddies,7.2,2022,https://yts.mx/movies/cat-daddies-2022
Action,Da Neighborhood Dopemane,4.6,2023,https://yts.mx/movies/da-neighborhood-dopemane-2023
Action,Giving Thanks,6.0,2023,https://yts.mx/movies/giving-thanks-2023
Action,Choppa City Queens,5.8,2023,https://yts.mx/movies/choppa-city-queens-2023
Action,Morse and the Last Endeavour,8.6,2023,https://yts.mx/movies/morse-and-the-last-endeavour-2023
Action,Slide,6.3,2025,https://yts.mx/movies/slide-2025
Action,Terrornet,4.5,2024,https://yts.mx/movies/terrornet-2024
Action,Anastasia,7.1,1997,https://yts.mx/movies/anastasia-1997
Action,The Castaway Cowboy,5.8,1974,https://yts.mx/movies/the-castaway-cowboy-1974
Action,The Supremes at Earl's All-You-Can-Eat,6.4,2024,https://yts.mx/movies/the-supremes-at-earls-all-you-can-eat-2-2024
Action, Northern Comfort,5.5,2023,https://yts.mx/movies/northern-comfort-2023
Action, Ext. Masina. Noapte,5.5,2024,https://yts.mx/movies/ext-masina-noapte-2024
Action, Una vez más,5.8,2019,https://yts.mx/movies/una-vez-mas-2019
Action, The Russian Girl,5.2,2018,https://yts.mx/movies/the-russian-girl-2018
Action, Remember Us,5.6,2019,https://yts.mx/movies/remember-us-2019
Action,Rebellious,6.7,2024,https://yts.mx/movies/rebellious-2024
Action, Do You Remember Dolly Bell?,7.5,1981,https://yts.mx/movies/do-you-remember-dolly-bell-1981
Action, Age Of Monster,4.7,2015,https://yts.mx/movies/age-of-monster-2015
Action, Je l'aime à mentir,5.4,2021,https://yts.mx/movies/je-laime-a-mentir-2021
Action, Del Otro Lado Del Jardín,7.5,2024,https://yts.mx/movies/del-otro-lado-del-jardin-2024
Action,Boxed in 2,6.9,2023,https://yts.mx/movies/boxed-in-2-2023
Drama,Mormon Mom Gone Wrong: The Ruby Franke Story,5.4,2024,https://yts.mx/movies/mormon-mom-gone-wrong-the-ruby-franke-story-2024
Drama,Cradle of Deception,5.9,2024,https://yts.mx/movies/cradle-of-deception-2024
Drama, The Courier,6.0,2024,https://yts.mx/movies/the-courier-2024
Drama,A Merry Royal Christmas,5.3,2024,https://yts.mx/movies/a-merry-royal-christmas-2024
Drama,Cinderella's Curse,3.3,2024,https://yts.mx/movies/cinderellas-curse-2024
Drama, Pedro Páramo,6.3,2024,https://yts.mx/movies/pedro-paramo-2024
Drama, Snowpiercer,7.1,2013,https://yts.mx/movies/snowpiercer-2013
Drama,The Accursed,4.2,2022,https://yts.mx/movies/the-accursed-2022
Drama,Thirsty for Likes,5.1,2024,https://yts.mx/movies/thirsty-for-likes-2024
Drama, A Closer Look with Seth Meyers: Primetime Live Election Special,6.6,2024,https://yts.mx/movies/a-closer-look-with-seth-meyers-primetime-live-election-special-2024
Drama,Three Secrets,6.0,2024,https://yts.mx/movies/three-secrets-2024
Drama,Ryan's World the Movie: Titan Universe Adventure,2.1,2024,https://yts.mx/movies/ryans-world-the-movie-titan-universe-adventure-2024
Drama,The Holiday Exchange,5.6,2024,https://yts.mx/movies/the-holiday-exchange-2024
Drama,I'm Thinking of Ending Things,6.5,2020,https://yts.mx/movies/im-thinking-of-ending-things-2020
Drama,Super Icyclone,4.9,2024,https://yts.mx/movies/super-icyclone-2024
Drama,Good Bad Things,8.2,2024,https://yts.mx/movies/good-bad-things-2024
Drama,Outlaw Posse,4.4,2024,https://yts.mx/movies/outlaw-posse-2024
Drama,Age of Kill,3.8,2015,https://yts.mx/movies/age-of-kill-2015
Drama,Unstoppable,6.8,2024,https://yts.mx/movies/unstoppable-2024
Drama,"Oh, Canada",5.7,2024,https://yts.mx/movies/oh-canada-2024
Romance,"Eat, Love, London",5.2,2024,https://yts.mx/movies/eat-love-london-2024
Romance,Rain for Christmas,4.6,2024,https://yts.mx/movies/rain-for-christmas-2024
Romance,Ebony Hustle 2: Ballistic Protection,7.4,2024,https://yts.mx/movies/ebony-hustle-2-ballistic-protection-2024
Romance,A Bestselling Kind of Love,6.1,2024,https://yts.mx/movies/a-bestselling-kind-of-love-2024
Romance,Jamiroquai: Live at Montreux 2003,8.3,2003,https://yts.mx/movies/jamiroquai-live-at-montreux-2003-2003
Romance,Christmas in the Friendly Skies,,2025,https://yts.mx/movies/christmas-in-the-friendly-skies-2025
Romance,The Magic Penguin,,2024,https://yts.mx/movies/the-magic-penguin-2024
Romance,The Unlock,3.4,2025,https://yts.mx/movies/the-unlock-2025
Romance,A Perfect Christmas Carol,5.4,2024,https://yts.mx/movies/a-perfect-christmas-carol-2024
Romance,"You, Me and Christmas Makes Three",5.8,2024,https://yts.mx/movies/you-me-and-christmas-makes-three-2024
Romance,Holiday Hold-Up,6.4,2024,https://yts.mx/movies/holiday-hold-up-2024
Romance,Silence in Sikeston,,2024,https://yts.mx/movies/silence-in-sikeston-2024
Romance,The Go-Getter,6.5,2007,https://yts.mx/movies/the-go-getter-2007
Romance,The Secret Agent,5.6,1996,https://yts.mx/movies/the-secret-agent-1996
Romance,Holiday for Hire,5.8,2024,https://yts.mx/movies/holiday-for-hire-2024
Romance,An Unexpected Valentine,7.9,2025,https://yts.mx/movies/an-unexpected-valentine-2025
Romance,Garage Days,5.8,2002,https://yts.mx/movies/garage-days-2002
Romance,Farce of the Penguins,4.0,2006,https://yts.mx/movies/farce-of-the-penguins-2006
Romance,"Love, Kennedy",6.7,2017,https://yts.mx/movies/love-kennedy-2017
Romance,Double Blended,8.4,2024,https://yts.mx/movies/double-blended-2024
Documentary,Beautiful Noise,6.6,2014,https://yts.mx/movies/beautiful-noise-2014
Documentary,Altered Minds,6.0,2013,https://yts.mx/movies/altered-minds-2013
Documentary,Teacher's Pet,7.1,1958,https://yts.mx/movies/teachers-pet-1958
Documentary,All the Wrong Ingredients,6.0,2024,https://yts.mx/movies/all-the-wrong-ingredients-2024
Documentary, The Girl with the Needle,7.5,2024,https://yts.mx/movies/the-girl-with-the-needle-2024
Documentary,I Aim at the Stars,6.2,1960,https://yts.mx/movies/i-aim-at-the-stars-1960
Documentary, Noah's Ark,4.3,2024,https://yts.mx/movies/noahs-ark-2024
Documentary,Dark Match,6.1,2024,https://yts.mx/movies/dark-match-2024
Documentary, Red Island,5.9,2023,https://yts.mx/movies/red-island-2023
Documentary, Après la guerre,6.8,1989,https://yts.mx/movies/apres-la-guerre-1989
Documentary,Night Owl,7.0,2025,https://yts.mx/movies/night-owl-2025
Documentary,Cornucopia,,2025,https://yts.mx/movies/cornucopia-2025
Documentary,Command Performance,5.5,2009,https://yts.mx/movies/command-performance-2009
Documentary, Lucca's World,,2025,https://yts.mx/movies/luccas-world-2025
Documentary,Lee Mack Road to Soccer Aid,,2021,https://yts.mx/movies/lee-mack-road-to-soccer-aid-2021
Documentary,Beast of Burden,3.6,2018,https://yts.mx/movies/beast-of-burden-2018
Documentary,The Intruder,5.0,2024,https://yts.mx/movies/the-intruder-2024
Documentary,An Hour Behind,6.5,2017,https://yts.mx/movies/an-hour-behind-2017
Documentary,Al Madrigal: Shrimpin' Ain't Easy,7.4,2017,https://yts.mx/movies/al-madrigal-shrimpin-aint-easy-2017
Documentary,American Bandits: Frank and Jesse James,4.4,2010,https://yts.mx/movies/american-bandits-frank-and-jesse-james-2010
Drama,One Thing Left to Do,6.2,2017,https://yts.mx/movies/one-thing-left-to-do-2017
Drama,Sunray: Fallen Soldier,4.5,2024,https://yts.mx/movies/sunray-fallen-soldier-2024
Drama,Tom Green: I Got A Mule!,,2025,https://yts.mx/movies/tom-green-i-got-a-mule-2025
Drama,Balls Out: Gary the Tennis Coach,5.4,2009,https://yts.mx/movies/balls-out-gary-the-tennis-coach-2009
Drama,Jaws vs. the Meg,6.2,2023,https://yts.mx/movies/jaws-vs-the-meg-2023
Drama,Hunters Lodge,4.9,2016,https://yts.mx/movies/hunters-lodge-2016
Drama, Home Sweet Loan,8.3,2024,https://yts.mx/movies/home-sweet-loan-2024
Drama,Showrunners: The Art of Running a TV Show,6.7,2014,https://yts.mx/movies/showrunners-the-art-of-running-a-tv-show-2014
Drama, Unveiling: The Horse Demon,6.2,2019,https://yts.mx/movies/unveiling-the-horse-demon-2019
Drama,Wicked,7.7,2024,https://yts.mx/movies/wicked-2024
Drama,Jurica Road,4.9,2020,https://yts.mx/movies/jurica-road-2020
Drama, Richelieu,7.3,2023,https://yts.mx/movies/richelieu-2023
Drama,Bone Cold,4.6,2022,https://yts.mx/movies/bone-cold-2022
Drama, Feed,4.8,2022,https://yts.mx/movies/feed-2022
Drama,Moana 2,7.0,2024,https://yts.mx/movies/moana-2-2024
Drama,Shuttlecock,5.8,2019,https://yts.mx/movies/shuttlecock-2019
Drama,Kill Bill: Vol. 1,8.2,2003,https://yts.mx/movies/kill-bill-vol-1-2003
Drama,California,6.1,1947,https://yts.mx/movies/california-1947
Drama, Un mundo maravilloso,6.9,2006,https://yts.mx/movies/un-mundo-maravilloso-2006
Drama,The Outsider,6.8,1948,https://yts.mx/movies/the-outsider-1948
Drama,Ladies of Leisure,6.7,1930,https://yts.mx/movies/ladies-of-leisure-1930
Drama,Juror #2,7.0,2024,https://yts.mx/movies/juror-2-2024
Drama, Hantu Gunung Kawi,6.1,2017,https://yts.mx/movies/hantu-gunung-kawi-2017
Drama, Barroz: Guardian of Treasures,3.9,2024,https://yts.mx/movies/barroz-guardian-of-treasures-2024
Drama, Hantu Jeruk Purut Reborn,4.4,2017,https://yts.mx/movies/hantu-jeruk-purut-reborn-2017
Drama,A Man Called Gannon,5.3,1968,https://yts.mx/movies/a-man-called-gannon-1968
Drama,Brigham City,6.7,2001,https://yts.mx/movies/brigham-city-2001
Drama,The Killing Jar,5.8,2010,https://yts.mx/movies/the-killing-jar-2010
Drama,Get Fast,3.6,2024,https://yts.mx/movies/get-fast-2024
Drama, Formed Police Unit,4.8,2024,https://yts.mx/movies/formed-police-unit-2024
Drama,Demon Protocol,4.8,2018,https://yts.mx/movies/demon-protocol-2018
Drama,Hitler's Coup 1923,,2023,https://yts.mx/movies/hitlers-coup-1923-2023
Drama, II,6.2,2019,https://yts.mx/movies/ii-2019
Drama,The Perfect Setting,7.3,2025,https://yts.mx/movies/the-perfect-setting-2025
Drama,A Unicorn for Christmas,5.0,2021,https://yts.mx/movies/a-unicorn-for-christmas-2021
Drama,A Year and Change,6.2,2015,https://yts.mx/movies/a-year-and-change-2015
Drama,Household Saints,6.9,1993,https://yts.mx/movies/household-saints-1993
Drama, Ryuichi Sakamoto: Opus,8.1,2023,https://yts.mx/movies/ryuichi-sakamoto-opus-2023
Drama, Blossoms Under Somewhere,7.4,2024,https://yts.mx/movies/blossoms-under-somewhere-2024
Drama,Zombie Strain,5.4,2023,https://yts.mx/movies/zombie-strain-2023
Action,Sound of Freedom,7.6,2023,https://yts.mx/movies/sound-of-freedom-2023
Action,Single Man Problems: Volume One,6.2,2023,https://yts.mx/movies/single-man-problems-volume-one-2023
Action,Lava,5.3,2001,https://yts.mx/movies/lava-2001
Action,Cards on the Table,,2019,https://yts.mx/movies/cards-on-the-table-2019
Action,End Survival,3.5,2019,https://yts.mx/movies/end-survival-2019
Action,Avengers of Justice: Farce Wars,2.4,2018,https://yts.mx/movies/avengers-of-justice-farce-wars-2018
Action,Odd Squad: World Turned Odd,7.1,2018,https://yts.mx/movies/odd-squad-world-turned-odd-2018
Action, Salsa,6.2,2024,https://yts.mx/movies/salsa-2024
Action,The Younger Generation,6.4,1929,https://yts.mx/movies/the-younger-generation-1929
Action,Sonic the Hedgehog 3,7.2,2024,https://yts.mx/movies/sonic-the-hedgehog-3-2024
Action,"Love, Simon",7.5,2018,https://yts.mx/movies/love-simon-2018
Action, 100KG Vampire,5.3,2023,https://yts.mx/movies/100kg-vampire-2023
Action,Richard Jewell,7.5,2019,https://yts.mx/movies/richard-jewell-2019
Action,Attrition,3.8,2018,https://yts.mx/movies/attrition-2018
Action,A Night Full of Rain,6.0,1978,https://yts.mx/movies/a-night-full-of-rain-1978
Action, Rifle Club,7.1,2024,https://yts.mx/movies/rifle-club-2024
Action,The Exploding Boy,7.1,2023,https://yts.mx/movies/the-exploding-boy-2023
Action, The Sand Castle,6.5,2024,https://yts.mx/movies/the-sand-castle-2024
Action,A Vineyard Christmas,5.3,2023,https://yts.mx/movies/a-vineyard-christmas-2023
Action,Ghost of New Orleans,5.0,2011,https://yts.mx/movies/ghost-of-new-orleans-2011
Comedy,Christmas Catch,5.4,2018,https://yts.mx/movies/christmas-catch-2018
Comedy, Hanzo the Razor: The Snare,7.0,1973,https://yts.mx/movies/hanzo-the-razor-the-snare-1973
Comedy,Never Look Away,7.3,2024,https://yts.mx/movies/never-look-away-2024
Comedy,The Rainbow Thief,5.8,1990,https://yts.mx/movies/the-rainbow-thief-1990
Comedy,Terri,6.5,2011,https://yts.mx/movies/terri-2011
Comedy, Lucky Winners,6.3,2024,https://yts.mx/movies/lucky-winners-2024
Comedy,Waterhole #3,6.1,1967,https://yts.mx/movies/waterhole-3-1967
Comedy,Deterrence,6.4,1999,https://yts.mx/movies/deterrence-1999
Comedy,The Hangman,6.6,1959,https://yts.mx/movies/the-hangman-1959
Comedy, Mission Mangal,6.5,2019,https://yts.mx/movies/mission-mangal-2019
Comedy, Sneekweek,4.6,2016,https://yts.mx/movies/sneekweek-2016
Comedy,Plan 9,4.0,2015,https://yts.mx/movies/plan-9-2015
Comedy,Curdled,5.9,1996,https://yts.mx/movies/curdled-1996
Comedy, Viduthalai Part 2,8.4,2024,https://yts.mx/movies/viduthalai-part-2-2024
Comedy,Minor Leaguer,5.5,2024,https://yts.mx/movies/minor-leaguer-2024
Comedy, Obsession: A Taste for Fear,4.9,1987,https://yts.mx/movies/obsession-a-taste-for-fear-1987
Comedy, Reunion 2: The Bachelor Party,4.3,2016,https://yts.mx/movies/reunion-2-the-bachelor-party-2016
Comedy,Keys to Tulsa,5.2,1997,https://yts.mx/movies/keys-to-tulsa-1997
Comedy,ThanksKilling 3,2.7,2012,https://yts.mx/movies/thankskilling-3-2012
Comedy,The Penalty,7.3,1920,https://yts.mx/movies/the-penalty-1920
Comedy,Amazing Grace,5.7,1974,https://yts.mx/movies/amazing-grace-1974
Comedy,Tacoma,7.6,2024,https://yts.mx/movies/tacoma-2024
Comedy,Stream of Love,8.0,2013,https://yts.mx/movies/stream-of-love-2013
Comedy, Ethiopiques: Revolt of the Soul,7.4,2017,https://yts.mx/movies/ethiopiques-revolt-of-the-soul-2017
Comedy,Mothers of the Revolution,7.1,2021,https://yts.mx/movies/mothers-of-the-revolution-2021
Comedy,We Dare to Dream,7.9,2023,https://yts.mx/movies/we-dare-to-dream-2023
Comedy,Watchers,5.4,1988,https://yts.mx/movies/watchers-1988
Comedy,Shades of Ray,6.9,2008,https://yts.mx/movies/shades-of-ray-2008
Comedy,Underground Aces,4.2,1981,https://yts.mx/movies/underground-aces-1981
Comedy,Young. Wild. Free.,6.4,2023,https://yts.mx/movies/young-wild-free-2023
Comedy, Kingdom 4: Return of the Great General,7.2,2024,https://yts.mx/movies/kingdom-4-return-of-the-great-general-2024
Comedy, Sweets from a Stranger,5.2,1987,https://yts.mx/movies/sweets-from-a-stranger-1987
Comedy, Pity,6.7,2018,https://yts.mx/movies/pity-2018
Comedy,Alex & Me,5.5,2018,https://yts.mx/movies/alex-me-2018
Comedy,Alice in Wonderland,6.3,1933,https://yts.mx/movies/alice-in-wonderland-1933
Comedy,"1,000 Convicts and a Woman",4.1,1971,https://yts.mx/movies/1000-convicts-and-a-woman-1971
Comedy,The Secret Art of Human Flight,6.0,2023,https://yts.mx/movies/the-secret-art-of-human-flight-2023
Comedy,Twin Peaks: The Missing Pieces,7.5,2014,https://yts.mx/movies/twin-peaks-the-missing-pieces-2014
Comedy,Goldfish,6.9,2023,https://yts.mx/movies/goldfish-2023
Comedy,Let's Go Luna!: Luna's Christmas Around the World,7.9,2018,https://yts.mx/movies/lets-go-luna-lunas-christmas-around-the-world-2018
Drama, Home Coming,6.8,2006,https://yts.mx/movies/home-coming-2006
Drama,You Shall Not Sleep Tonight,4.3,2024,https://yts.mx/movies/you-shall-not-sleep-tonight-2024
Drama,Queer,6.5,2024,https://yts.mx/movies/queer-2024
Drama,Demons Never Die,4.2,2011,https://yts.mx/movies/demons-never-die-2011
Drama,Man with No Past,4.2,2025,https://yts.mx/movies/man-with-no-past-2025
Drama, The Room Next Door,7.0,2024,https://yts.mx/movies/the-room-next-door-2024
Drama,Lick,6.9,2024,https://yts.mx/movies/lick-2024
Drama, Niki,6.1,2024,https://yts.mx/movies/niki-2024
Drama,Ari Shaffir: America's Sweetheart,7.4,2025,https://yts.mx/movies/ari-shaffir-americas-sweetheart-2025
Drama,Alien: Rubicon,4.6,2024,https://yts.mx/movies/alien-rubicon-2024
Drama,Gabriel Iglesias: Legend of Fluffy,6.6,2025,https://yts.mx/movies/gabriel-iglesias-legend-of-fluffy-2-2025
Drama,Lizzie Lazarus,6.0,2024,https://yts.mx/movies/lizzie-lazarus-2024
Drama,Bikini Bowl-O-Rama,,2023,https://yts.mx/movies/bikini-bowl-o-rama-2023
Drama,The Bear Lake Murders,6.1,2025,https://yts.mx/movies/the-bear-lake-murders-2025
Drama, À l'ancienne,4.5,2024,https://yts.mx/movies/a-lancienne-2024
Drama,Out Come the Wolves,4.7,2024,https://yts.mx/movies/out-come-the-wolves-2024
Drama,"Love, Courage and the Battle of Bushy Run",6.1,2024,https://yts.mx/movies/love-courage-and-the-battle-of-bushy-run-2024
Drama, El 47,7.4,2024,https://yts.mx/movies/el-47-2024
Drama,Crispy,,2024,https://yts.mx/movies/crispy-2024
Drama,The Red Kimono,6.5,1926,https://yts.mx/movies/the-red-kimono-1926
Documentary,Dear Kelly,8.8,2024,https://yts.mx/movies/dear-kelly-2024
Documentary,Soundless Wind Chime,6.4,2009,https://yts.mx/movies/soundless-wind-chime-2009
Documentary,Lion Strike,4.8,1994,https://yts.mx/movies/lion-strike-1994
Documentary,So This Is Love,6.0,1953,https://yts.mx/movies/so-this-is-love-1953
Documentary, Cadi,6.6,2024,https://yts.mx/movies/cadi-2024
Documentary,Ring of Fire II: Blood and Steel,4.5,1993,https://yts.mx/movies/ring-of-fire-ii-blood-and-steel-1993
Documentary, Almayer's Folly,6.5,2011,https://yts.mx/movies/almayers-folly-2011
Documentary, Ladies,5.4,2008,https://yts.mx/movies/ladies-2008
Documentary,Have You Got It Yet? The Story of Syd Barrett and Pink Floyd,7.4,2023,https://yts.mx/movies/have-you-got-it-yet-the-story-of-syd-barrett-and-pink-floyd-2023
Documentary,Smile 2,6.8,2024,https://yts.mx/movies/smile-2-2024
Documentary, Hunters on a White Field,5.1,2024,https://yts.mx/movies/hunters-on-a-white-field-2024
Documentary, Het Bijzondere Levensverhaal van Karl Eriksson,,2023,https://yts.mx/movies/het-bijzondere-levensverhaal-van-karl-eriksson-2023
Documentary,Kraven the Hunter,5.4,2024,https://yts.mx/movies/kraven-the-hunter-2024
Documentary, Erotic Passion,4.8,1981,https://yts.mx/movies/erotic-passion-1981
Documentary,A Dangerous Man,4.9,2009,https://yts.mx/movies/a-dangerous-man-2009
Documentary,Sentinel,2.6,2024,https://yts.mx/movies/sentinel-2024
Documentary,Singing in My Sleep,,2024,https://yts.mx/movies/singing-in-my-sleep-2024
Documentary, Vai Gorilla,6.4,1975,https://yts.mx/movies/vai-gorilla-1975
Documentary,"Paris, Texas",8.1,1984,https://yts.mx/movies/paris-texas-1984
Documentary, The Battle Wizard,6.1,1977,https://yts.mx/movies/the-battle-wizard-1977
Action,Buster Keaton Rides Again,7.3,1965,https://yts.mx/movies/buster-keaton-rides-again-1965
Action, Last Night of Amore,7.1,2023,https://yts.mx/movies/last-night-of-amore-2023
Action,The Baker,6.3,2007,https://yts.mx/movies/the-baker-2007
Action, Quisling: The Final Days,7.2,2024,https://yts.mx/movies/quisling-the-final-days-2024
Action, Zhou Yu's Train,6.4,2002,https://yts.mx/movies/zhou-yus-train-2002
Action,Sharknado: Heart of Sharkness,2.8,2015,https://yts.mx/movies/sharknado-heart-of-sharkness-2015
Action, Sheeshmahal,7.3,2024,https://yts.mx/movies/sheeshmahal-2024
Action,A Holiday Romance,6.5,1999,https://yts.mx/movies/a-holiday-romance-1999
Action,The Booze Cruise,7.0,2003,https://yts.mx/movies/the-booze-cruise-2003
Action, Kung Fu Zombie,5.3,1981,https://yts.mx/movies/kung-fu-zombie-1981
Action,The Honey Trap,7.0,2024,https://yts.mx/movies/the-honey-trap-2024
Action,Curse of Jack Frost,2.9,2022,https://yts.mx/movies/curse-of-jack-frost-2022
Action,Any Way the Wind Blows,7.1,2003,https://yts.mx/movies/any-way-the-wind-blows-2003
Action, Little Witch Academia: The Enchanted Parade,7.2,2015,https://yts.mx/movies/little-witch-academia-the-enchanted-parade-2015
Action, Maara,7.5,2021,https://yts.mx/movies/maara-2021
Action,Walking and Talking,6.7,1996,https://yts.mx/movies/walking-and-talking-1996
Action,Tune into the Future,8.1,2020,https://yts.mx/movies/tune-into-the-future-2020
Action,Dismal,3.0,2009,https://yts.mx/movies/dismal-2009
Action,Band of Robbers,6.0,2015,https://yts.mx/movies/band-of-robbers-2015
Action,Pearl Jam Twenty,8.2,2011,https://yts.mx/movies/pearl-jam-twenty-2011
Horror,Terror Train 2,4.6,2022,https://yts.mx/movies/terror-train-2-2022
Horror,The Debut,6.4,2000,https://yts.mx/movies/the-debut-2000
Horror, The Man Who Sleeps,7.9,1974,https://yts.mx/movies/the-man-who-sleeps-1974
Horror,Eden,6.4,2014,https://yts.mx/movies/eden-2014
Horror,Seth Meyers: Dad Man Walking,6.9,2024,https://yts.mx/movies/seth-meyers-dad-man-walking-2024
Horror,Istorii despre Vlad Voievod Drãculea,8.1,2015,https://yts.mx/movies/istorii-despre-vlad-voievod-draculea-2015
Horror,The Omega Code,3.5,1999,https://yts.mx/movies/the-omega-code-1999
Horror,The Outsiders,7.0,1983,https://yts.mx/movies/the-outsiders-1983
Horror,In Her Likeness,6.2,2024,https://yts.mx/movies/in-her-likeness-2024
Horror,Made for Each Other,4.3,2009,https://yts.mx/movies/made-for-each-other-2009
Horror,Stripped: Nashville,,2024,https://yts.mx/movies/stripped-nashville-2024
Horror, Rock the Casbah,6.6,2012,https://yts.mx/movies/rock-the-casbah-2012
Horror, Pepe,6.2,2024,https://yts.mx/movies/pepe-2024
Horror,Undercover Christmas,6.4,2003,https://yts.mx/movies/undercover-christmas-2003
Horror,Captain Nemo and the Underwater City,5.7,1969,https://yts.mx/movies/captain-nemo-and-the-underwater-city-1969
Horror,Midas Man,6.4,2024,https://yts.mx/movies/midas-man-2024
Horror,My Doctor's Secret Life,5.7,2023,https://yts.mx/movies/my-doctors-secret-life-2023
Horror,Giantess Battle Attack,4.2,2022,https://yts.mx/movies/giantess-battle-attack-2022
Horror,The Venice Murders,4.4,2023,https://yts.mx/movies/the-venice-murders-2023
Horror, Live,6.0,2015,https://yts.mx/movies/live-2015
Comedy,The Plank,7.4,1979,https://yts.mx/movies/the-plank-1979
Comedy,"20,000 Leagues Under the Sea",5.1,1997,https://yts.mx/movies/20000-leagues-under-the-sea-2-1997
Comedy, The Cannibal Club,5.7,2018,https://yts.mx/movies/the-cannibal-club-2018
Comedy,Reluctant Nanny,6.5,2015,https://yts.mx/movies/reluctant-nanny-2015
Comedy,Winds of the Wasteland,6.0,1936,https://yts.mx/movies/winds-of-the-wasteland-1936
Comedy,Sleigh Bells Ring,6.3,2016,https://yts.mx/movies/sleigh-bells-ring-2016
Comedy,Noah's Ark,6.6,1928,https://yts.mx/movies/noahs-ark-1928
Comedy,Plan B,6.1,2024,https://yts.mx/movies/plan-b-2024
Comedy,The Amazing Mr Blunden,6.0,2021,https://yts.mx/movies/the-amazing-mr-blunden-2021
Comedy,The Bad Guys: Haunted Heist,5.5,2024,https://yts.mx/movies/the-bad-guys-haunted-heist-2024
Comedy,The Face on the Milk Carton,6.6,1995,https://yts.mx/movies/the-face-on-the-milk-carton-1995
Comedy,Canvas,5.9,2021,https://yts.mx/movies/canvas-2021
Comedy,The 9th Circle,5.3,2008,https://yts.mx/movies/the-9th-circle-2008
Comedy, Too Beautiful for You,6.7,1989,https://yts.mx/movies/too-beautiful-for-you-1989
Comedy, The Nameless,5.8,1999,https://yts.mx/movies/the-nameless-1999
Comedy,On a Clear Day,6.9,2005,https://yts.mx/movies/on-a-clear-day-2005
Comedy,Riddick,6.4,2013,https://yts.mx/movies/riddick-2013
Comedy,A Kindhearted Christmas,6.1,2021,https://yts.mx/movies/a-kindhearted-christmas-2021
Comedy, The Sabarmati Report,6.6,2024,https://yts.mx/movies/the-sabarmati-report-2024
Comedy,The Linguini Incident,6.2,1991,https://yts.mx/movies/the-linguini-incident-1991
Drama,A Girl Like Her,7.0,2015,https://yts.mx/movies/a-girl-like-her-2015
Drama,Cup of Cheer,4.4,2020,https://yts.mx/movies/cup-of-cheer-2020
Drama,A Good Day to Be Black & Sexy,4.9,2008,https://yts.mx/movies/a-good-day-to-be-black-sexy-2008
Drama, Fungus,5.2,2023,https://yts.mx/movies/fungus-2023
Drama,Trailer Trauma,8.2,2016,https://yts.mx/movies/trailer-trauma-2016
Drama,Below,6.1,2002,https://yts.mx/movies/below-2002
Drama,A Holiday Change,5.8,2019,https://yts.mx/movies/a-holiday-change-2019
Drama, Dawn of the Great Steppe,6.1,2022,https://yts.mx/movies/dawn-of-the-great-steppe-2022
Drama,A Holiday Heist,3.9,2011,https://yts.mx/movies/a-holiday-heist-2011
Drama,When Michael Calls,6.0,1972,https://yts.mx/movies/when-michael-calls-1972
Drama,The Spanish Main,6.3,1945,https://yts.mx/movies/the-spanish-main-1945
Drama,Engaged by Christmas,6.2,2024,https://yts.mx/movies/engaged-by-christmas-2024
Drama,Memoir of a Snail,7.8,2024,https://yts.mx/movies/memoir-of-a-snail-2024
Drama,Wild West Days,6.5,1937,https://yts.mx/movies/wild-west-days-1937
Drama,The Cardinal,5.9,1936,https://yts.mx/movies/the-cardinal-1936
Drama,Nora Prentiss,7.1,1947,https://yts.mx/movies/nora-prentiss-1947
Drama, With a Kiss I Die,4.5,2018,https://yts.mx/movies/with-a-kiss-i-die-2018
Drama,White Lion,6.5,2010,https://yts.mx/movies/white-lion-2010
Drama,2 aces and a dirty heart,4.6,2017,https://yts.mx/movies/2-aces-and-a-dirty-heart-2017
Drama, Ata Demirer Gazinosu,7.6,2020,https://yts.mx/movies/ata-demirer-gazinosu-2020
